id,year,sex,age,mass,survival,reproduction,fitness,StMass,mother
CN06-001,2006,Female,A,34,0,0,0,0.291513014857839,NA
CN06-002,2006,Male,A,37,0,4,4,0.580556546336848,NA
CN06-003,2006,Female,A,30,0,0,0,-0.093878360447507,CN06-013
CN06-004,2006,Female,A,35,0,2,2,0.387860858684175,NA
CN06-005,2006,Male,A,45,0,5,5,1.35133929694754,NA
CN06-006,2006,Male,A,35,0,2,2,0.387860858684175,NA
CN06-007,2006,Female,A,38,1,1,3,0.676904390163184,NA
CN06-007,2007,Female,A,44,0,6,6,1.2549914531212,NA
CN06-010,2006,Male,A,52,0,0,0,2.02577420373189,NA
CN06-011,2006,Female,A,31,0,3,3,0.00246948337882945,CN06-013
CN06-012,2006,Female,A,41,0,1,1,0.965947921642194,NA
CN06-013,2006,Female,A,39,0,0,0,0.773252233989521,NA
CN06-014,2006,Female,A,40,0,2,2,0.869600077815857,NA
CN06-015,2006,Male,A,47,0,5,5,1.54403498460021,NA
CN06-017,2006,Male,A,42,0,4,4,1.06229576546853,NA
CN06-018,2006,Male,A,42,0,5,5,1.06229576546853,NA
CN06-021,2006,Female,A,40,0,4,4,0.869600077815857,NA
CN06-023,2006,Female,A,36,0,3,3,0.484208702510512,CN06-013
CN06-024,2006,Female,A,38,0,1,1,0.676904390163184,NA
CN06-025,2006,Female,A,49,1,6,8,1.73673067225289,NA
CN06-025,2007,Female,A,40,0,4,4,0.869600077815857,NA
CN06-027,2006,Male,A,46,1,10,12,1.44768714077388,NA
CN06-027,2007,Male,A,45,0,5,5,1.35133929694754,NA
CN06-028,2006,Female,J,19,0,0,0,-1.15370464253721,CN06-025
CN06-033,2006,Female,A,41,0,2,2,0.965947921642194,NA
CN06-034,2006,Female,A,36,0,2,2,0.484208702510512,NA
CN06-035,2006,Female,A,49,0,0,0,1.73673067225289,NA
CN06-036,2006,Female,A,37,1,1,3,0.580556546336848,NA
CN06-036,2007,Female,A,42,1,2,4,1.06229576546853,NA
CN06-036,2008,Female,A,40,0,0,0,0.869600077815857,NA
CN06-037,2006,Male,A,45,0,4,4,1.35133929694754,NA
CN06-038,2006,Female,A,51,0,4,4,1.92942635990556,NA
CN06-039,2006,Female,A,52,1,2,4,2.02577420373189,NA
CN06-039,2007,Female,A,43,0,0,0,1.15864360929487,NA
CN06-040,2006,Female,A,36,0,3,3,0.484208702510512,NA
CN06-041,2006,Female,J,20,0,0,0,-1.05735679871087,CN06-062
CN06-042,2006,Male,A,38,0,7,7,0.676904390163184,NA
CN06-043,2006,Male,J,16,0,0,0,-1.44274817401622,CN06-F12
CN06-044,2006,Female,A,40,0,2,2,0.869600077815857,NA
CN06-048,2006,Male,J,15,0,0,0,-1.53909601784255,CN06-040
CN06-049,2006,Female,J,22,0,0,0,-0.864661111058199,CN06-081
CN06-050,2006,Female,A,40,1,5,7,0.869600077815857,CN05-F2
CN06-050,2007,Female,A,49,0,7,7,1.73673067225289,CN05-F2
CN06-051,2006,Female,A,46,0,4,4,1.44768714077388,NA
CN06-052,2006,Female,A,47,0,2,2,1.54403498460021,NA
CN06-053,2006,Female,A,43,0,5,5,1.15864360929487,NA
CN06-054,2006,Male,J,22,0,0,0,-0.864661111058199,CN06-104
CN06-055,2006,Male,A,47,1,1,3,1.54403498460021,NA
CN06-055,2007,Male,A,48,0,8,8,1.64038282842655,NA
CN06-056,2006,Female,A,36,1,1,3,0.484208702510512,NA
CN06-056,2007,Female,A,36,0,1,1,0.484208702510512,NA
CN06-058,2006,Male,A,45,0,8,8,1.35133929694754,NA
CN06-059,2006,Female,J,19,1,0,2,-1.15370464253721,CN06-051
CN06-059,2007,Female,A,36,0,5,5,0.484208702510512,CN06-051
CN06-060,2006,Male,J,17,0,0,0,-1.34640033018988,CN06-052
CN06-061,2006,Male,A,40,0,3,3,0.869600077815857,NA
CN06-062,2006,Female,A,51,0,1,1,1.92942635990556,NA
CN06-063,2006,Male,A,50,0,1,1,1.83307851607922,NA
CN06-064,2006,Male,A,48,0,14,14,1.64038282842655,NA
CN06-065,2006,Male,J,14,1,0,2,-1.63544386166889,CN06-F12
CN06-065,2007,Male,A,43,1,7,9,1.15864360929487,CN06-F12
CN06-065,2008,Male,A,47,0,2,2,1.54403498460021,CN06-F12
CN06-066,2006,Male,J,22,0,0,0,-0.864661111058199,CN06-F13
CN06-067,2006,Male,J,20,0,0,0,-1.05735679871087,CN06-F13
CN06-068,2006,Male,J,23,0,0,0,-0.768313267231862,CN06-104
CN06-069,2006,Male,J,19,0,0,0,-1.15370464253721,CN06-053
CN06-070,2006,Male,J,NA,0,0,0,NA,CN06-053
CN06-071,2006,Female,A,45,0,4,4,1.35133929694754,CN05-F2
CN06-073,2006,Male,J,24,0,0,0,-0.671965423405526,CN06-050
CN06-074,2006,Male,J,26,0,0,0,-0.479269735752853,CN06-076
CN06-075,2006,Male,J,NA,0,0,0,NA,CN06-076
CN06-076,2006,Female,A,40,0,4,4,0.869600077815857,NA
CN06-077,2006,Female,A,44,0,4,4,1.2549914531212,NA
CN06-078,2006,Female,J,22,0,0,0,-0.864661111058199,CN06-071
CN06-079,2006,Male,J,NA,0,0,0,NA,CN06-108
CN06-080,2006,Female,A,44,0,1,1,1.2549914531212,CN05-F4
CN06-081,2006,Female,A,51,0,7,7,1.92942635990556,NA
CN06-082,2006,Male,J,27,0,0,0,-0.382921891926516,CN06-094
CN06-083,2006,Female,A,38,0,1,1,0.676904390163184,CN05-F5
CN06-084,2006,Female,A,57,0,3,3,2.50751342286358,NA
CN06-085,2006,Male,A,36,0,6,6,0.484208702510512,NA
CN06-086,2006,Male,A,39,0,8,8,0.773252233989521,NA
CN06-087,2006,Male,J,23,1,0,2,-0.768313267231862,CN06-040
CN06-087,2007,Male,A,35,0,1,1,0.387860858684175,CN06-040
CN06-088,2006,Female,A,46,0,5,5,1.44768714077388,CN05-F6
CN06-089,2006,Female,J,26,1,0,2,-0.479269735752853,CN06-021
CN06-089,2007,Female,A,42,1,7,9,1.06229576546853,CN06-021
CN06-089,2008,Female,A,46,0,3,3,1.44768714077388,CN06-021
CN06-090,2006,Female,J,24,0,0,0,-0.671965423405526,CN06-021
CN06-092,2006,Female,J,18,1,0,2,-1.25005248636354,CN06-F5
CN06-092,2007,Female,A,44,0,1,1,1.2549914531212,CN06-F5
CN06-094,2006,Female,A,40,1,5,7,0.869600077815857,CN05-F4
CN06-094,2007,Female,A,42,0,0,0,1.06229576546853,CN05-F4
CN06-095,2006,Female,A,45,0,0,0,1.35133929694754,CN05-F5
CN06-096,2006,Female,J,26,0,0,0,-0.479269735752853,CN06-080
CN06-098,2006,Male,J,21,0,0,0,-0.961008954884535,CN06-077
CN06-100,2006,Male,J,24,0,0,0,-0.671965423405526,CN06-F14
CN06-102,2006,Female,J,22,0,0,0,-0.864661111058199,CN06-088
CN06-104,2006,Female,A,49,1,8,10,1.73673067225289,NA
CN06-104,2007,Female,A,59,0,5,5,2.70020911051625,NA
CN06-105,2006,Female,J,21,0,0,0,-0.961008954884535,CN06-104
CN06-106,2006,Male,J,22,1,0,2,-0.864661111058199,CN06-104
CN06-106,2007,Male,A,46,0,4,4,1.44768714077388,CN06-104
CN06-107,2006,Male,J,28,0,0,0,-0.28657404810018,CN06-108
CN06-108,2006,Female,A,48,0,6,6,1.64038282842655,NA
CN06-109,2006,Female,J,27,1,0,2,-0.382921891926516,CN06-F14
CN06-109,2007,Female,A,48,0,1,1,1.64038282842655,CN06-F14
CN06-110,2006,Female,J,26,1,0,2,-0.479269735752853,CN06-F14
CN06-110,2007,Female,A,48,0,4,4,1.64038282842655,CN06-F14
CN06-111,2006,Female,J,22,0,0,0,-0.864661111058199,CN06-104
CN06-113,2006,Male,J,22,0,0,0,-0.864661111058199,CN06-088
CN06-114,2006,Male,A,39,0,0,0,0.773252233989521,NA
CN06-115,2006,Female,J,27,0,0,0,-0.382921891926516,CN06-004
CN06-116,2006,Female,J,28,1,0,2,-0.28657404810018,CN06-038
CN06-116,2007,Female,A,39,1,6,8,0.773252233989521,CN06-038
CN06-116,2008,Female,A,47,0,0,0,1.54403498460021,CN06-038
CN06-117,2006,Female,J,30,0,0,0,-0.093878360447507,CN06-038
CN06-118,2006,Male,J,30,0,0,0,-0.093878360447507,CN06-025
CN06-119,2006,Female,J,26,1,0,2,-0.479269735752853,CN06-025
CN06-119,2007,Female,A,41,0,4,4,0.965947921642194,CN06-025
CN06-120,2006,Male,J,27,0,0,0,-0.382921891926516,CN06-025
CN06-121,2006,Female,J,23,0,0,0,-0.768313267231862,CN06-122
CN06-122,2006,Female,A,35,0,4,4,0.387860858684175,CN05-F6
CN06-123,2006,Male,J,19,0,0,0,-1.15370464253721,CN06-021
CN06-124,2006,Male,J,20,1,0,2,-1.05735679871087,CN06-122
CN06-124,2007,Male,A,42,0,8,8,1.06229576546853,CN06-122
CN06-126,2006,Female,A,35,0,3,3,0.387860858684175,NA
CN06-127,2006,Male,J,21,0,0,0,-0.961008954884535,CN06-126
CN06-128,2006,Male,J,23,1,0,2,-0.768313267231862,CN06-004
CN06-128,2007,Male,A,39,0,3,3,0.773252233989521,CN06-004
CN06-129,2006,Female,J,26,1,0,2,-0.479269735752853,CN06-007
CN06-129,2007,Female,A,40,0,0,0,0.869600077815857,CN06-007
CN06-130,2006,Male,J,21,0,0,0,-0.961008954884535,CN06-011
CN06-132,2006,Male,A,41,0,0,0,0.965947921642194,NA
CN06-133,2006,Female,J,22,1,0,2,-0.864661111058199,CN06-088
CN06-133,2007,Female,A,32,0,0,0,0.0988173272051659,CN06-088
CN06-134,2006,Male,J,24,0,0,0,-0.671965423405526,CN06-122
CN06-135,2006,Male,J,11,0,0,0,-1.9244873931479,CN06-122
CN06-136,2006,Female,J,24,1,0,2,-0.671965423405526,CN06-126
CN06-136,2007,Female,A,45,0,3,3,1.35133929694754,CN06-126
CN06-137,2006,Male,J,17,0,0,0,-1.34640033018988,CN06-023
CN06-138,2006,Male,J,22,0,0,0,-0.864661111058199,CN06-023
CN06-140,2006,Male,J,20,0,0,0,-1.05735679871087,CN06-023
CN06-141,2006,Female,J,19,0,0,0,-1.15370464253721,CN06-011
CN06-142,2006,Female,J,21,0,0,0,-0.961008954884535,CN06-033
CN06-143,2006,Female,J,23,0,0,0,-0.768313267231862,CN06-034
CN06-145,2006,Female,J,26,0,0,0,-0.479269735752853,CN06-108
CN06-146,2006,Male,J,24,0,0,0,-0.671965423405526,CN06-033
CN06-147,2006,Female,J,27,1,0,2,-0.382921891926516,CN06-053
CN06-147,2007,Female,A,40,1,5,7,0.869600077815857,CN06-053
CN06-147,2008,Female,A,47,0,0,0,1.54403498460021,CN06-053
CN06-148,2006,Female,A,42,0,3,3,1.06229576546853,NA
CN06-150,2006,Female,A,41,0,4,4,0.965947921642194,NA
CN06-151,2006,Female,J,25,0,0,0,-0.575617579579189,CN06-039
CN06-152,2006,Male,J,23,0,0,0,-0.768313267231862,CN06-038
CN06-153,2006,Female,J,24,0,0,0,-0.671965423405526,CN06-F3
CN06-154,2006,Female,J,24,1,0,2,-0.671965423405526,CN06-148
CN06-154,2007,Female,A,47,0,6,6,1.54403498460021,CN06-148
CN06-155,2006,Male,J,24,0,0,0,-0.671965423405526,CN06-036
CN06-156,2006,Female,J,NA,0,0,0,NA,CN06-039
CN06-157,2006,Female,J,28,1,0,2,-0.28657404810018,CN06-150
CN06-157,2007,Female,A,49,1,4,6,1.73673067225289,CN06-150
CN06-157,2008,Female,A,45,0,2,2,1.35133929694754,CN06-150
CN06-159,2006,Male,J,29,1,0,2,-0.190226204273843,CN06-150
CN06-159,2007,Male,A,37,1,2,4,0.580556546336848,CN06-150
CN06-159,2008,Male,A,42,0,2,2,1.06229576546853,CN06-150
CN06-160,2006,Male,J,27,0,0,0,-0.382921891926516,CN06-038
CN06-161,2006,Female,J,21,0,0,0,-0.961008954884535,CN06-148
CN06-162,2006,Male,J,28,0,0,0,-0.28657404810018,CN06-148
CN06-164,2006,Female,J,19,1,0,2,-1.15370464253721,CN06-104
CN06-164,2007,Female,A,44,0,4,4,1.2549914531212,CN06-104
CN06-165,2006,Male,J,18,0,0,0,-1.25005248636354,CN06-071
CN06-166,2006,Female,J,19,0,0,0,-1.15370464253721,CN06-076
CN06-167,2006,Female,J,28,0,0,0,-0.28657404810018,CN06-071
CN06-168,2006,Female,J,19,0,0,0,-1.15370464253721,CN06-077
CN06-169,2006,Male,J,22,1,0,2,-0.864661111058199,CN06-071
CN06-169,2007,Male,A,41,0,8,8,0.965947921642194,CN06-071
CN06-170,2006,Female,J,29,0,0,0,-0.190226204273843,CN06-077
CN06-171,2006,Female,J,20,0,0,0,-1.05735679871087,CN06-104
CN06-172,2006,Male,J,24,0,0,0,-0.671965423405526,CN06-050
CN06-173,2006,Female,J,22,0,0,0,-0.864661111058199,CN06-104
CN06-174,2006,Male,J,22,0,0,0,-0.864661111058199,CN06-076
CN06-175,2006,Female,J,35,0,0,0,0.387860858684175,CN06-094
CN06-176,2006,Male,J,30,0,0,0,-0.093878360447507,CN06-077
CN06-177,2006,Male,J,17,0,0,0,-1.34640033018988,CN06-108
CN06-178,2006,Female,J,26,0,0,0,-0.479269735752853,CN06-051
CN06-179,2006,Male,J,24,1,0,2,-0.671965423405526,CN06-051
CN06-179,2007,Male,A,46,0,12,12,1.44768714077388,CN06-051
CN06-180,2006,Female,J,24,1,0,2,-0.671965423405526,CN06-094
CN06-180,2007,Female,A,39,0,2,2,0.773252233989521,CN06-094
CN06-181,2006,Male,J,25,0,0,0,-0.575617579579189,CN06-083
CN06-182,2006,Female,J,25,1,0,2,-0.575617579579189,CN06-081
CN06-182,2007,Female,A,30,0,6,6,-0.093878360447507,CN06-081
CN06-183,2006,Female,J,26,0,0,0,-0.479269735752853,CN06-081
CN06-184,2006,Female,J,28,1,0,2,-0.28657404810018,CN06-050
CN06-184,2007,Female,A,38,0,1,1,0.676904390163184,CN06-050
CN06-185,2006,Female,A,38,0,2,2,0.676904390163184,NA
CN06-186,2006,Female,J,26,0,0,0,-0.479269735752853,CN06-094
CN06-187,2006,Female,J,22,1,0,2,-0.864661111058199,CN06-051
CN06-187,2007,Female,A,41,1,3,5,0.965947921642194,CN06-051
CN06-187,2008,Female,A,37,0,2,2,0.580556546336848,CN06-051
CN06-188,2006,Female,J,27,1,0,2,-0.382921891926516,CN06-185
CN06-188,2007,Female,A,43,0,1,1,1.15864360929487,CN06-185
CN06-189,2006,Male,J,26,0,0,0,-0.479269735752853,CN06-084
CN06-190,2006,Female,J,28,0,0,0,-0.28657404810018,CN06-081
CN06-191,2006,Male,J,17,0,0,0,-1.34640033018988,CN06-081
CN06-192,2006,Female,J,24,0,0,0,-0.671965423405526,CN06-185
CN06-193,2006,Male,J,NA,0,0,0,NA,CN06-053
CN06-194,2006,Male,A,37,0,0,0,0.580556546336848,CN06-007
CN06-195,2006,Male,J,22,0,0,0,-0.864661111058199,CN06-126
CN06-196,2006,Male,J,25,0,0,0,-0.575617579579189,CN06-012
CN06-197,2006,Female,J,21,0,0,0,-0.961008954884535,CN06-024
CN06-198,2006,Female,J,27,1,0,2,-0.382921891926516,CN06-011
CN06-198,2007,Female,A,40,0,2,2,0.869600077815857,CN06-011
CN06-200,2006,Female,J,25,1,0,2,-0.575617579579189,CN06-088
CN06-200,2007,Female,A,33,0,0,0,0.195165171031502,CN06-088
CN06-201,2006,Male,J,23,1,0,2,-0.768313267231862,CN06-088
CN06-201,2007,Male,A,40,0,0,0,0.869600077815857,CN06-088
CN06-203,2006,Male,J,29,0,0,0,-0.190226204273843,CN06-150
CN06-205,2006,Female,A,43,0,2,2,1.15864360929487,NA
CN06-206,2006,Male,J,29,0,0,0,-0.190226204273843,CN06-014
CN06-207,2006,Male,J,30,0,0,0,-0.093878360447507,CN06-150
CN06-208,2006,Male,J,23,0,0,0,-0.768313267231862,CN06-108
CN06-209,2006,Male,J,25,0,0,0,-0.575617579579189,CN06-034
CN06-210,2006,Male,J,24,0,0,0,-0.671965423405526,CN06-044
CN06-211,2006,Male,J,26,0,0,0,-0.479269735752853,CN06-050
CN06-213,2006,Male,J,15,0,0,0,-1.53909601784255,CN06-108
CN06-214,2006,Female,J,28,1,0,2,-0.28657404810018,CN06-053
CN06-214,2007,Female,A,32,0,2,2,0.0988173272051659,CN06-053
CN06-215,2006,Male,J,24,1,0,2,-0.671965423405526,CN06-050
CN06-215,2007,Male,A,52,0,5,5,2.02577420373189,CN06-050
CN06-221,2006,Male,J,NA,0,0,0,NA,CN06-081
CN06-222,2006,Female,J,29,1,0,2,-0.190226204273843,CN06-084
CN06-222,2007,Female,A,36,0,3,3,0.484208702510512,CN06-084
CN07-001,2007,Male,A,48,0,2,2,1.64038282842655,NA
CN07-002,2007,Male,A,44,0,4,4,1.2549914531212,CN06-F5
CN07-004,2007,Female,A,34,1,4,6,0.291513014857839,CN06-205
CN07-004,2008,Female,A,36,0,3,3,0.484208702510512,CN06-205
CN07-005,2007,Male,A,34,0,0,0,0.291513014857839,CN06-205
CN07-006,2007,Male,A,43,1,0,2,1.15864360929487,NA
CN07-006,2008,Male,A,44,0,0,0,1.2549914531212,NA
CN07-007,2007,Female,A,33,0,4,4,0.195165171031502,CN06-021
CN07-008,2007,Male,J,16,0,0,0,-1.44274817401622,CN06-025
CN07-009,2007,Male,J,17,0,0,0,-1.34640033018988,CN07-110
CN07-010,2007,Female,J,16,0,0,0,-1.44274817401622,CN06-025
CN07-012,2007,Male,A,49,0,9,9,1.73673067225289,NA
CN07-013,2007,Male,A,53,0,6,6,2.12212204755823,NA
CN07-014,2007,Male,A,42,0,8,8,1.06229576546853,NA
CN07-015,2007,Male,J,25,0,0,0,-0.575617579579189,CN06-164
CN07-016,2007,Male,J,21,0,0,0,-0.961008954884535,CN06-214
CN07-017,2007,Male,J,17,0,0,0,-1.34640033018988,CN06-214
CN07-018,2007,Male,A,41,0,3,3,0.965947921642194,CN06-052
CN07-019,2007,Female,J,16,0,0,0,-1.44274817401622,CN06-175
CN07-020,2007,Male,J,17,0,0,0,-1.34640033018988,CN06-175
CN07-021,2007,Female,A,43,0,0,0,1.15864360929487,CN06-084
CN07-022,2007,Female,A,39,0,0,0,0.773252233989521,CN06-056
CN07-023,2007,Male,A,43,0,0,0,1.15864360929487,CN06-094
CN07-024,2007,Female,A,38,0,3,3,0.676904390163184,CN06-040
CN07-025,2007,Female,A,36,0,0,0,0.484208702510512,CN06-F5
CN07-026,2007,Female,J,23,1,2,4,-0.768313267231862,CN06-119
CN07-026,2008,Female,A,38,0,3,3,0.676904390163184,CN06-119
CN07-027,2007,Female,J,17,0,0,0,-1.34640033018988,CN07-F1
CN07-028,2007,Female,J,21,0,0,0,-0.961008954884535,CN06-119
CN07-029,2007,Female,J,21,0,0,0,-0.961008954884535,NA
CN07-030,2007,Male,J,27,0,0,0,-0.382921891926516,CN06-171
CN07-031,2007,Female,A,37,0,2,2,0.580556546336848,CN06-081
CN07-032,2007,Female,J,13,0,0,0,-1.73179170549523,CN07-F3
CN07-033,2007,Male,A,53,0,2,2,2.12212204755823,NA
CN07-035,2007,Female,J,23,0,0,0,-0.768313267231862,CN06-192
CN07-036,2007,Female,J,13,1,0,2,-1.73179170549523,CN06-110
CN07-036,2008,Female,A,37,1,5,7,0.580556546336848,CN06-110
CN07-036,2009,Female,A,47,0,8,8,1.54403498460021,CN06-110
CN07-037,2007,Female,J,17,0,0,0,-1.34640033018988,CN06-050
CN07-038,2007,Male,J,17,0,0,0,-1.34640033018988,CN06-182
CN07-039,2007,Female,J,22,0,0,0,-0.864661111058199,CN06-050
CN07-040,2007,Female,J,15,0,0,0,-1.53909601784255,CN06-182
CN07-041,2007,Male,J,19,0,0,0,-1.15370464253721,CN06-104
CN07-043,2007,Female,A,40,0,1,1,0.869600077815857,CN06-044
CN07-044,2007,Female,J,20,0,0,0,-1.05735679871087,CN06-116
CN07-046,2007,Female,A,44,0,3,3,1.2549914531212,CN06-025
CN07-047,2007,Female,J,28,0,1,1,-0.28657404810018,CN07-110
CN07-048,2007,Female,J,26,0,0,0,-0.479269735752853,CN06-089
CN07-050,2007,Male,J,21,1,0,2,-0.961008954884535,CN06-157
CN07-050,2008,Male,A,44,0,4,4,1.2549914531212,CN06-157
CN07-051,2007,Female,J,18,1,0,2,-1.25005248636354,CN07-024
CN07-051,2008,Female,A,38,0,0,0,0.676904390163184,CN07-024
CN07-052,2007,Male,J,18,0,0,0,-1.25005248636354,CN07-004
CN07-053,2007,Male,J,17,0,0,0,-1.34640033018988,CN07-004
CN07-054,2007,Male,A,47,0,4,4,1.54403498460021,NA
CN07-055,2007,Male,J,31,0,0,0,0.00246948337882945,NA
CN07-057,2007,Female,J,21,1,0,2,-0.961008954884535,CN07-046
CN07-057,2008,Female,A,43,0,0,0,1.15864360929487,CN07-046
CN07-059,2007,Male,A,41,0,0,0,0.965947921642194,NA
CN07-060,2007,Female,J,26,0,0,0,-0.479269735752853,CN06-109
CN07-062,2007,Female,J,29,0,0,0,-0.190226204273843,CN06-154
CN07-065,2007,Male,J,28,0,0,0,-0.28657404810018,CN06-192
CN07-067,2007,Female,J,19,0,0,0,-1.15370464253721,CN06-187
CN07-068,2007,Female,J,18,0,0,0,-1.25005248636354,CN06-222
CN07-069,2007,Male,J,18,0,0,0,-1.25005248636354,CN07-F3
CN07-071,2007,Male,J,36,0,0,0,0.484208702510512,CN06-147
CN07-072,2007,Male,J,22,1,0,2,-0.864661111058199,CN06-171
CN07-072,2008,Male,A,43,0,1,1,1.15864360929487,CN06-171
CN07-073,2007,Male,J,29,0,0,0,-0.190226204273843,CN06-164
CN07-075,2007,Male,J,25,0,0,0,-0.575617579579189,CN06-104
CN07-077,2007,Male,J,24,0,0,0,-0.671965423405526,CN06-110
CN07-078,2007,Male,J,28,0,0,0,-0.28657404810018,CN06-110
CN07-079,2007,Male,J,17,0,0,0,-1.34640033018988,CN06-184
CN07-080,2007,Female,J,25,1,0,2,-0.575617579579189,CN06-059
CN07-080,2008,Female,A,39,0,0,0,0.773252233989521,CN06-059
CN07-081,2007,Male,J,25,0,0,0,-0.575617579579189,CN06-171
CN07-082,2007,Male,J,11,1,0,2,-1.9244873931479,CN06-164
CN07-082,2008,Male,A,45,0,1,1,1.35133929694754,CN06-164
CN07-083,2007,Male,J,27,0,0,0,-0.382921891926516,CN06-056
CN07-084,2007,Male,J,31,1,0,2,0.00246948337882945,NA
CN07-084,2008,Male,A,40,0,1,1,0.869600077815857,NA
CN07-086,2007,Female,J,27,1,0,2,-0.382921891926516,CN06-157
CN07-086,2008,Female,A,34,0,1,1,0.291513014857839,CN06-157
CN07-087,2007,Female,J,36,0,0,0,0.484208702510512,CN07-046
CN07-088,2007,Male,J,27,0,0,0,-0.382921891926516,CN06-089
CN07-089,2007,Female,J,18,0,0,0,-1.25005248636354,CN07-004
CN07-091,2007,Male,J,18,0,0,0,-1.25005248636354,CN06-092
CN07-093,2007,Male,J,29,1,0,2,-0.190226204273843,CN07-007
CN07-093,2008,Male,A,44,1,2,4,1.2549914531212,CN07-007
CN07-093,2009,Male,A,49,0,3,3,1.73673067225289,CN07-007
CN07-094,2007,Female,J,17,0,0,0,-1.34640033018988,CN07-007
CN07-095,2007,Male,J,27,0,0,0,-0.382921891926516,CN06-089
CN07-096,2007,Male,J,38,1,0,2,0.676904390163184,CN06-110
CN07-096,2008,Male,A,47,1,3,5,1.54403498460021,CN06-110
CN07-096,2009,Male,A,56,1,8,10,2.41116557903724,CN06-110
CN07-096,2010,Male,A,62,0,0,0,2.98925264199526,CN06-110
CN07-097,2007,Male,J,24,0,0,0,-0.671965423405526,CN06-025
CN07-098,2007,Male,J,17,0,0,0,-1.34640033018988,CN07-007
CN07-099,2007,Male,J,22,0,0,0,-0.864661111058199,CN06-136
CN07-100,2007,Male,J,27,0,0,0,-0.382921891926516,CN06-007
CN07-101,2007,Male,J,24,0,0,0,-0.671965423405526,CN06-154
CN07-102,2007,Female,J,24,1,0,2,-0.671965423405526,CN06-154
CN07-102,2008,Female,A,34,0,0,0,0.291513014857839,CN06-154
CN07-103,2007,Male,J,16,0,0,0,-1.44274817401622,CN06-154
CN07-105,2007,Male,J,29,0,0,0,-0.190226204273843,NA
CN07-106,2007,Male,J,18,0,0,0,-1.25005248636354,CN06-116
CN07-107,2007,Male,J,27,0,0,0,-0.382921891926516,CN07-046
CN07-108,2007,Female,J,17,1,0,2,-1.34640033018988,CN06-116
CN07-108,2008,Female,A,31,0,3,3,0.00246948337882945,CN06-116
CN07-109,2007,Female,J,21,0,0,0,-0.961008954884535,CN06-119
CN07-110,2007,Female,A,44,0,3,3,1.2549914531212,CN06-025
CN07-112,2007,Male,J,26,0,0,0,-0.479269735752853,CN07-026
CN07-113,2007,Female,J,31,1,0,2,0.00246948337882945,CN06-147
CN07-113,2008,Female,A,41,1,1,3,0.965947921642194,CN06-147
CN07-113,2009,Female,A,43,1,4,6,1.15864360929487,CN06-147
CN07-113,2010,Female,A,47,0,1,1,1.54403498460021,CN06-147
CN07-114,2007,Female,J,27,1,0,2,-0.382921891926516,CN06-147
CN07-114,2008,Female,A,40,1,2,4,0.869600077815857,CN06-147
CN07-114,2009,Female,A,51,1,3,5,1.92942635990556,CN06-147
CN07-114,2010,Female,A,52,0,2,2,2.02577420373189,CN06-147
CN07-115,2007,Male,J,28,1,0,2,-0.28657404810018,CN06-104
CN07-115,2008,Male,A,44,0,0,0,1.2549914531212,CN06-104
CN07-116,2007,Female,J,19,0,0,0,-1.15370464253721,CN06-187
CN07-117,2007,Male,J,31,0,0,0,0.00246948337882945,CN06-187
CN07-119,2007,Female,J,24,0,0,0,-0.671965423405526,CN06-222
CN07-120,2007,Female,J,28,0,0,0,-0.28657404810018,CN06-180
CN07-121,2007,Female,J,26,0,0,0,-0.479269735752853,CN07-031
CN07-122,2007,Female,J,25,0,0,0,-0.575617579579189,CN06-050
CN07-123,2007,Female,J,23,1,0,2,-0.768313267231862,CN06-182
CN07-123,2008,Female,A,36,0,2,2,0.484208702510512,CN06-182
CN07-124,2007,Female,J,29,1,0,2,-0.190226204273843,CN06-059
CN07-124,2008,Female,A,39,0,8,8,0.773252233989521,CN06-059
CN07-125,2007,Female,J,24,1,0,2,-0.671965423405526,CN06-059
CN07-125,2008,Female,A,31,1,6,8,0.00246948337882945,CN06-059
CN07-125,2009,Female,A,42,0,6,6,1.06229576546853,CN06-059
CN07-126,2007,Male,J,28,0,0,0,-0.28657404810018,CN06-104
CN07-127,2007,Female,J,25,1,0,2,-0.575617579579189,CN06-104
CN07-127,2008,Female,A,44,0,0,0,1.2549914531212,CN06-104
CN07-128,2007,Male,A,42,0,3,3,1.06229576546853,CN06-014
CN07-130,2007,Male,J,23,0,0,0,-0.768313267231862,CN06-164
CN07-131,2007,Female,J,28,1,0,2,-0.28657404810018,CN06-050
CN07-131,2008,Female,A,31,0,4,4,0.00246948337882945,CN06-050
CN07-132,2007,Male,J,26,0,0,0,-0.479269735752853,CN06-050
CN07-133,2007,Male,J,30,0,0,0,-0.093878360447507,CN06-182
CN07-134,2007,Male,J,19,0,0,0,-1.15370464253721,CN06-182
CN07-135,2007,Male,J,28,0,0,0,-0.28657404810018,CN06-050
CN07-136,2007,Male,J,24,0,0,0,-0.671965423405526,CN06-059
CN07-137,2007,Male,J,32,1,0,2,0.0988173272051659,CN06-059
CN07-137,2008,Male,A,49,0,7,7,1.73673067225289,CN06-059
CN07-138,2007,Male,J,37,0,0,0,0.580556546336848,CN06-147
CN07-140,2007,Male,J,32,0,0,0,0.0988173272051659,CN06-089
CN07-141,2007,Female,J,16,0,0,0,-1.44274817401622,CN06-089
CN07-142,2007,Female,J,24,0,0,0,-0.671965423405526,CN06-116
CN07-143,2007,Female,J,24,0,0,0,-0.671965423405526,CN06-036
CN07-144,2007,Male,J,22,0,0,0,-0.864661111058199,CN06-036
CN07-145,2007,Male,J,27,0,0,0,-0.382921891926516,CN07-110
CN07-148,2007,Male,J,24,0,0,0,-0.671965423405526,CN06-157
CN07-149,2007,Male,J,33,0,0,0,0.195165171031502,CN06-157
CN07-151,2007,Male,J,19,0,0,0,-1.15370464253721,CN06-089
CN07-152,2007,Male,J,27,0,0,0,-0.382921891926516,CN06-007
CN07-153,2007,Male,J,23,0,0,0,-0.768313267231862,CN06-007
CN07-154,2007,Male,J,32,0,0,0,0.0988173272051659,NA
CN07-156,2007,Female,J,24,0,0,0,-0.671965423405526,CN06-007
CN07-157,2007,Female,J,26,0,0,0,-0.479269735752853,CN06-136
CN07-158,2007,Female,J,27,1,0,2,-0.382921891926516,CN07-007
CN07-158,2008,Female,A,35,0,2,2,0.387860858684175,CN07-007
CN07-160,2007,Female,J,25,1,0,2,-0.575617579579189,CN06-119
CN07-160,2008,Female,A,37,0,2,2,0.580556546336848,CN06-119
CN07-161,2007,Female,J,28,0,0,0,-0.28657404810018,NA
CN07-164,2007,Male,J,25,0,0,0,-0.575617579579189,CN06-007
CN07-165,2007,Female,J,26,1,0,2,-0.479269735752853,CN06-007
CN07-165,2008,Female,A,35,0,3,3,0.387860858684175,CN06-007
CN07-166,2007,Female,J,24,1,0,2,-0.671965423405526,CN06-136
CN07-166,2008,Female,A,31,0,0,0,0.00246948337882945,CN06-136
CN07-167,2007,Female,J,27,0,0,0,-0.382921891926516,CN06-198
CN07-169,2007,Female,J,28,0,0,0,-0.28657404810018,CN06-116
CN07-170,2007,Female,J,27,0,0,0,-0.382921891926516,CN06-116
CN07-173,2007,Female,J,24,0,0,0,-0.671965423405526,CN06-154
CN07-175,2007,Female,J,21,0,0,0,-0.961008954884535,CN06-154
CN07-177,2007,Male,J,31,0,0,0,0.00246948337882945,CN07-026
CN07-178,2007,Female,J,32,1,0,2,0.0988173272051659,CN06-192
CN07-178,2008,Female,A,43,0,3,3,1.15864360929487,CN06-192
CN07-179,2007,Male,J,31,0,0,0,0.00246948337882945,NA
CN07-182,2007,Male,J,32,0,0,0,0.0988173272051659,CN06-180
CN07-183,2007,Male,J,26,0,0,0,-0.479269735752853,CN06-222
CN07-184,2007,Female,J,28,0,0,0,-0.28657404810018,CN07-031
CN07-185,2007,Male,J,23,0,0,0,-0.768313267231862,CN06-050
CN07-186,2007,Male,J,34,0,0,0,0.291513014857839,CN06-188
CN07-187,2007,Female,J,25,1,0,2,-0.575617579579189,CN06-147
CN07-187,2008,Female,A,42,0,4,4,1.06229576546853,CN06-147
CN08-001,2008,Male,A,40,0,2,2,0.869600077815857,NA
CN08-003,2008,Male,A,37,0,3,3,0.580556546336848,CN07-024
CN08-004,2008,Female,A,33,0,1,1,0.195165171031502,CN06-089
CN08-005,2008,Female,A,32,1,1,3,0.0988173272051659,CN07-004
CN08-005,2009,Female,A,50,0,6,6,1.83307851607922,CN07-004
CN08-006,2008,Male,A,36,0,0,0,0.484208702510512,CN06-198
CN08-009,2008,Female,A,40,0,3,3,0.869600077815857,CN06-025
CN08-010,2008,Male,A,38,0,1,1,0.676904390163184,NA
CN08-011,2008,Male,A,37,0,2,2,0.580556546336848,NA
CN08-012,2008,Female,A,39,0,4,4,0.773252233989521,CN06-182
CN08-013,2008,Male,A,45,1,8,10,1.35133929694754,NA
CN08-013,2009,Male,A,50,0,15,15,1.83307851607922,NA
CN08-014,2008,Male,A,40,0,1,1,0.869600077815857,NA
CN08-015,2008,Male,A,42,0,0,0,1.06229576546853,CN06-071
CN08-016,2008,Male,A,45,0,10,10,1.35133929694754,NA
CN08-017,2008,Female,J,15,0,0,0,-1.53909601784255,CN06-089
CN08-018,2008,Female,A,40,0,0,0,0.869600077815857,CN07-024
CN08-020,2008,Female,A,56,0,0,0,2.41116557903724,NA
CN08-022,2008,Male,J,18,1,0,2,-1.25005248636354,CN07-158
CN08-022,2009,Male,A,49,0,9,9,1.73673067225289,CN07-158
CN08-023,2008,Male,A,42,0,0,0,1.06229576546853,NA
CN08-025,2008,Male,J,18,0,0,0,-1.25005248636354,CN06-187
CN08-026,2008,Female,A,38,0,3,3,0.676904390163184,NA
CN08-027,2008,Male,A,35,0,3,3,0.387860858684175,NA
CN08-028,2008,Male,J,23,0,0,0,-0.768313267231862,CN07-131
CN08-029,2008,Male,J,22,0,0,0,-0.864661111058199,CN07-124
CN08-030,2008,Male,J,16,0,0,0,-1.44274817401622,CN07-125
CN08-031,2008,Male,J,23,0,0,0,-0.768313267231862,CN07-124
CN08-032,2008,Female,A,45,1,0,2,1.35133929694754,CN07-043
CN08-032,2009,Female,A,45,1,0,2,1.35133929694754,CN07-043
CN08-032,2010,Female,A,50,0,0,0,1.83307851607922,CN07-043
CN08-033,2008,Male,J,22,0,0,0,-0.864661111058199,CN07-108
CN08-034,2008,Female,J,18,0,0,0,-1.25005248636354,CN07-108
CN08-035,2008,Male,J,20,0,0,0,-1.05735679871087,CN07-187
CN08-036,2008,Female,J,21,1,0,2,-0.961008954884535,CN08-009
CN08-036,2009,Female,A,39,0,5,5,0.773252233989521,CN08-009
CN08-037,2008,Male,A,48,0,4,4,1.64038282842655,CN07-047
CN08-038,2008,Male,J,20,0,0,0,-1.05735679871087,CN06-157
CN08-039,2008,Male,J,20,0,0,0,-1.05735679871087,CN07-086
CN08-041,2008,Male,J,20,0,0,0,-1.05735679871087,CN08-004
CN08-043,2008,Male,J,18,0,0,0,-1.25005248636354,CN07-004
CN08-044,2008,Male,J,15,0,0,0,-1.53909601784255,CN07-004
CN08-045,2008,Female,J,15,0,0,0,-1.53909601784255,CN07-165
CN08-046,2008,Male,J,22,0,0,0,-0.864661111058199,CN07-026
CN08-047,2008,Male,J,21,0,0,0,-0.961008954884535,CN08-009
CN08-048,2008,Female,J,25,0,0,0,-0.575617579579189,CN07-158
CN08-049,2008,Male,J,19,0,0,0,-1.15370464253721,CN07-165
CN08-050,2008,Male,A,43,1,3,5,1.15864360929487,NA
CN08-050,2009,Male,A,53,0,10,10,2.12212204755823,NA
CN08-051,2008,Male,J,25,0,0,0,-0.575617579579189,NA
CN08-052,2008,Male,J,15,0,0,0,-1.53909601784255,CN07-178
CN08-053,2008,Female,J,17,1,0,2,-1.34640033018988,CN07-178
CN08-053,2009,Female,A,43,0,7,7,1.15864360929487,CN07-178
CN08-054,2008,Male,J,26,0,0,0,-0.479269735752853,CN07-125
CN08-055,2008,Male,J,16,0,0,0,-1.44274817401622,CN08-026
CN08-056,2008,Female,J,12,0,0,0,-1.82813954932156,CN08-012
CN08-058,2008,Male,J,20,0,0,0,-1.05735679871087,CN07-124
CN08-059,2008,Male,J,20,1,0,2,-1.05735679871087,CN07-187
CN08-059,2009,Male,A,37,1,9,11,0.580556546336848,CN07-187
CN08-059,2010,Male,A,42,0,2,2,1.06229576546853,CN07-187
CN08-060,2008,Male,J,23,0,0,0,-0.768313267231862,CN07-187
CN08-061,2008,Male,J,17,0,0,0,-1.34640033018988,CN07-131
CN08-062,2008,Male,J,20,0,0,0,-1.05735679871087,CN07-131
CN08-063,2008,Male,J,20,0,0,0,-1.05735679871087,CN07-036
CN08-064,2008,Female,J,18,1,0,2,-1.25005248636354,CN07-123
CN08-064,2009,Female,A,33,0,6,6,0.195165171031502,CN07-123
CN08-065,2008,Female,J,15,0,0,0,-1.53909601784255,CN07-124
CN08-066,2008,Female,J,15,0,0,0,-1.53909601784255,CN07-124
CN08-067,2008,Female,J,21,0,0,0,-0.961008954884535,NA
CN08-068,2008,Male,A,43,0,1,1,1.15864360929487,NA
CN08-069,2008,Male,J,28,0,0,0,-0.28657404810018,CN08-005
CN08-071,2008,Female,J,26,1,0,2,-0.479269735752853,CN07-165
CN08-071,2009,Female,A,34,0,6,6,0.291513014857839,CN07-165
CN08-072,2008,Female,J,NA,0,0,0,NA,CN06-089
CN08-073,2008,Female,J,30,1,0,2,-0.093878360447507,CN08-099
CN08-073,2009,Female,A,41,0,8,8,0.965947921642194,CN08-099
CN08-075,2008,Male,J,24,1,0,2,-0.671965423405526,CN07-160
CN08-075,2009,Male,A,44,0,4,4,1.2549914531212,CN07-160
CN08-076,2008,Female,J,23,1,0,2,-0.768313267231862,CN07-160
CN08-076,2009,Female,A,38,0,2,2,0.676904390163184,CN07-160
CN08-077,2008,Female,J,26,1,0,2,-0.479269735752853,CN08-009
CN08-077,2009,Female,A,41,0,5,5,0.965947921642194,CN08-009
CN08-078,2008,Male,J,27,1,0,2,-0.382921891926516,CN07-114
CN08-078,2009,Male,A,42,0,12,12,1.06229576546853,CN07-114
CN08-079,2008,Male,J,30,1,0,2,-0.093878360447507,CN07-178
CN08-079,2009,Male,A,44,1,2,4,1.2549914531212,CN07-178
CN08-079,2010,Male,A,47,0,0,0,1.54403498460021,CN07-178
CN08-080,2008,Male,J,32,0,0,0,0.0988173272051659,CN06-187
CN08-081,2008,Male,J,26,0,0,0,-0.479269735752853,CN07-125
CN08-082,2008,Male,J,15,0,0,0,-1.53909601784255,CN08-012
CN08-083,2008,Female,J,23,0,0,0,-0.768313267231862,CN07-124
CN08-085,2008,Female,J,16,0,0,0,-1.44274817401622,CN07-036
CN08-086,2008,Female,J,26,0,0,0,-0.479269735752853,CN07-131
CN08-087,2008,Male,J,21,0,0,0,-0.961008954884535,CN07-036
CN08-088,2008,Male,J,24,0,0,0,-0.671965423405526,CN07-123
CN08-089,2008,Female,J,NA,1,0,2,NA,CN08-012
CN08-089,2009,Female,A,33,1,6,8,0.195165171031502,CN08-012
CN08-089,2010,Female,A,41,0,2,2,0.965947921642194,CN08-012
CN08-090,2008,Male,J,24,0,0,0,-0.671965423405526,CN08-012
CN08-091,2008,Male,J,22,1,0,2,-0.864661111058199,CN07-124
CN08-091,2009,Male,A,46,0,4,4,1.44768714077388,CN07-124
CN08-092,2008,Male,J,23,0,0,0,-0.768313267231862,CN07-113
CN08-093,2008,Female,J,20,1,0,2,-1.05735679871087,CN07-187
CN08-093,2009,Female,A,38,1,4,6,0.676904390163184,CN07-187
CN08-093,2010,Female,A,41,0,4,4,0.965947921642194,CN07-187
CN08-094,2008,Male,J,25,0,0,0,-0.575617579579189,NA
CN08-095,2008,Male,J,33,1,0,2,0.195165171031502,NA
CN08-095,2009,Male,A,51,0,1,1,1.92942635990556,NA
CN08-096,2008,Male,J,28,1,0,2,-0.28657404810018,CN07-026
CN08-096,2009,Male,A,46,0,7,7,1.44768714077388,CN07-026
CN08-097,2008,Male,J,32,1,0,2,0.0988173272051659,CN07-004
CN08-097,2009,Male,A,44,0,1,1,1.2549914531212,CN07-004
CN08-099,2008,Female,A,36,0,2,2,0.484208702510512,CN07-F1
CN08-100,2008,Male,J,26,0,0,0,-0.479269735752853,CN08-099
CN08-101,2008,Female,J,30,1,0,2,-0.093878360447507,CN07-026
CN08-101,2009,Female,A,41,0,3,3,0.965947921642194,CN07-026
CN08-102,2008,Male,J,25,0,0,0,-0.575617579579189,CN07-114
CN08-103,2008,Female,J,25,1,0,2,-0.575617579579189,CN07-043
CN08-103,2009,Female,A,36,0,0,0,0.484208702510512,CN07-043
CN08-104,2008,Male,J,28,0,0,0,-0.28657404810018,CN08-F5
CN08-107,2008,Female,J,27,0,0,0,-0.382921891926516,CN08-026
CN08-108,2008,Male,J,24,0,0,0,-0.671965423405526,CN08-026
CN08-109,2008,Male,J,32,0,0,0,0.0988173272051659,NA
CN08-112,2008,Female,J,18,1,0,2,-1.25005248636354,CN07-125
CN08-112,2009,Female,A,38,0,7,7,0.676904390163184,CN07-125
CN08-113,2008,Female,J,23,1,0,2,-0.768313267231862,CN07-108
CN08-113,2009,Female,A,37,0,8,8,0.580556546336848,CN07-108
CN08-115,2008,Female,J,11,0,0,0,-1.9244873931479,CN07-036
CN08-116,2008,Female,J,22,0,0,0,-0.864661111058199,CN07-124
CN08-117,2008,Male,J,17,1,0,2,-1.34640033018988,CN07-125
CN08-117,2009,Male,A,48,1,7,9,1.64038282842655,CN07-125
CN08-117,2010,Male,A,50,0,5,5,1.83307851607922,CN07-125
CN08-118,2008,Male,J,18,0,0,0,-1.25005248636354,CN07-125
CN09-001,2009,Female,A,41,0,4,4,0.965947921642194,NA
CN09-002,2009,Male,A,48,0,10,10,1.64038282842655,NA
CN09-003,2009,Female,A,36,0,1,1,0.484208702510512,CN08-F5
CN09-006,2009,Male,J,20,0,0,0,-1.05735679871087,CN08-112
CN09-008,2009,Female,A,40,0,8,8,0.869600077815857,CN07-036
CN09-010,2009,Male,J,20,0,0,0,-1.05735679871087,CN08-112
CN09-011,2009,Male,J,20,0,0,0,-1.05735679871087,CN08-112
CN09-012,2009,Male,A,45,0,1,1,1.35133929694754,CN06-089
CN09-013,2009,Female,A,30,0,0,0,-0.093878360447507,NA
CN09-014,2009,Female,J,26,0,1,1,-0.479269735752853,CN08-073
CN09-015,2009,Male,J,27,0,0,0,-0.382921891926516,CN08-073
CN09-016,2009,Female,J,21,0,0,0,-0.961008954884535,CN08-077
CN09-017,2009,Male,J,17,0,0,0,-1.34640033018988,CN08-113
CN09-018,2009,Male,J,14,0,0,0,-1.63544386166889,CN08-113
CN09-019,2009,Male,J,NA,0,0,0,NA,CN08-053
CN09-020,2009,Male,J,17,1,0,2,-1.34640033018988,CN07-125
CN09-020,2010,Male,A,51,1,5,7,1.92942635990556,CN07-125
CN09-021,2009,Female,A,36,0,0,0,0.484208702510512,NA
CN09-022,2009,Male,J,NA,0,0,0,NA,CN08-089
CN09-023,2009,Male,J,NA,0,0,0,NA,CN08-089
CN09-024,2009,Female,J,14,0,0,0,-1.63544386166889,CN07-113
CN09-025,2009,Male,J,30,0,0,0,-0.093878360447507,CN07-036
CN09-026,2009,Male,J,15,1,0,2,-1.53909601784255,CN07-036
CN09-026,2010,Male,A,50,0,3,3,1.83307851607922,CN07-036
CN09-027,2009,Female,J,15,0,0,0,-1.53909601784255,CN09-008
CN09-029,2009,Male,J,22,0,0,0,-0.864661111058199,CN07-125
CN09-031,2009,Female,J,18,0,0,0,-1.25005248636354,CN08-113
CN09-032,2009,Male,J,19,0,0,0,-1.15370464253721,CN08-113
CN09-033,2009,Female,J,27,0,0,0,-0.382921891926516,CN09-041
CN09-034,2009,Male,A,49,0,0,0,1.73673067225289,NA
CN09-035,2009,Female,J,24,0,0,0,-0.671965423405526,NA
CN09-036,2009,Male,A,45,0,0,0,1.35133929694754,CN06-157
CN09-037,2009,Female,J,29,1,1,3,-0.190226204273843,NA
CN09-037,2010,Female,A,43,0,1,1,1.15864360929487,NA
CN09-038,2009,Male,J,22,0,0,0,-0.864661111058199,CN08-036
CN09-039,2009,Female,J,27,1,0,2,-0.382921891926516,CN08-036
CN09-039,2010,Female,A,39,0,1,1,0.773252233989521,CN08-036
CN09-040,2009,Female,J,27,0,0,0,-0.382921891926516,CN09-041
CN09-041,2009,Female,A,48,0,5,5,1.64038282842655,NA
CN09-042,2009,Male,J,19,0,0,0,-1.15370464253721,CN08-073
CN09-043,2009,Male,J,28,0,0,0,-0.28657404810018,CN08-077
CN09-044,2009,Female,J,15,0,0,0,-1.53909601784255,CN08-073
CN09-045,2009,Male,J,26,1,0,2,-0.479269735752853,CN08-071
CN09-045,2010,Male,A,36,0,1,1,0.484208702510512,CN08-071
CN09-046,2009,Male,J,26,0,0,0,-0.479269735752853,CN08-005
CN09-047,2009,Female,J,26,0,0,0,-0.479269735752853,CN08-053
CN09-048,2009,Male,J,26,0,0,0,-0.479269735752853,CN07-113
CN09-050,2009,Female,J,30,0,0,0,-0.093878360447507,NA
CN09-051,2009,Female,J,20,0,0,0,-1.05735679871087,CN08-053
CN09-052,2009,Female,J,23,1,0,2,-0.768313267231862,CN08-089
CN09-052,2010,Female,A,34,0,3,3,0.291513014857839,CN08-089
CN09-053,2009,Male,A,41,0,2,2,0.965947921642194,NA
CN09-054,2009,Female,J,13,0,0,0,-1.73179170549523,CN08-093
CN09-055,2009,Male,J,16,0,0,0,-1.44274817401622,CN08-093
CN09-056,2009,Male,J,22,0,0,0,-0.864661111058199,CN07-036
CN09-058,2009,Male,J,26,0,0,0,-0.479269735752853,CN09-008
CN09-059,2009,Female,J,23,1,0,2,-0.768313267231862,CN07-036
CN09-059,2010,Female,A,39,0,3,3,0.773252233989521,CN07-036
CN09-060,2009,Female,J,20,0,0,0,-1.05735679871087,CN07-036
CN09-061,2009,Male,J,15,1,0,2,-1.53909601784255,CN08-064
CN09-061,2010,Male,A,33,0,1,1,0.195165171031502,CN08-064
CN09-062,2009,Male,J,21,1,0,2,-0.961008954884535,CN09-008
CN09-062,2010,Male,A,41,0,1,1,0.965947921642194,CN09-008
CN09-063,2009,Female,J,26,0,0,0,-0.479269735752853,CN08-112
CN09-064,2009,Female,J,28,1,0,2,-0.28657404810018,CN08-112
CN09-064,2010,Female,A,54,0,5,5,2.21846989138457,CN08-112
CN09-065,2009,Male,J,14,0,0,0,-1.63544386166889,CN07-125
CN09-066,2009,Female,J,13,0,0,0,-1.73179170549523,CN07-125
CN09-067,2009,Female,J,13,0,0,0,-1.73179170549523,CN07-125
CN09-068,2009,Female,J,23,1,0,2,-0.768313267231862,CN07-113
CN09-068,2010,Female,A,37,0,0,0,0.580556546336848,CN07-113
CN09-069,2009,Male,J,11,0,0,0,-1.9244873931479,CN08-077
CN09-070,2009,Male,J,28,0,0,0,-0.28657404810018,CN08-101
CN09-071,2009,Female,J,26,1,0,2,-0.479269735752853,CN08-101
CN09-071,2010,Female,A,42,0,1,1,1.06229576546853,CN08-101
CN09-072,2009,Male,J,30,0,0,0,-0.093878360447507,CN08-036
CN09-073,2009,Female,J,27,1,0,2,-0.382921891926516,CN08-036
CN09-073,2010,Female,A,45,0,2,2,1.35133929694754,CN08-036
CN09-074,2009,Female,J,28,0,0,0,-0.28657404810018,CN08-036
CN09-075,2009,Female,J,23,1,0,2,-0.768313267231862,CN08-113
CN09-075,2010,Female,A,32,0,5,5,0.0988173272051659,CN08-113
CN09-076,2009,Female,J,23,0,0,0,-0.768313267231862,CN08-113
CN09-077,2009,Female,J,21,0,0,0,-0.961008954884535,CN08-113
CN09-078,2009,Female,J,23,1,0,2,-0.768313267231862,CN08-053
CN09-078,2010,Female,A,44,0,2,2,1.2549914531212,CN08-053
CN09-079,2009,Male,J,29,0,0,0,-0.190226204273843,CN07-114
CN09-080,2009,Male,A,46,1,1,3,1.44768714077388,NA
CN09-080,2010,Male,A,51,0,2,2,1.92942635990556,NA
CN09-081,2009,Female,J,30,0,0,0,-0.093878360447507,CN09-041
CN09-082,2009,Female,J,30,0,0,0,-0.093878360447507,CN09-001
CN09-083,2009,Male,J,28,1,0,2,-0.28657404810018,CN08-073
CN09-083,2010,Male,A,40,0,3,3,0.869600077815857,CN08-073
CN09-084,2009,Female,J,27,1,0,2,-0.382921891926516,NA
CN09-084,2010,Female,A,49,0,2,2,1.73673067225289,NA
CN09-085,2009,Male,A,49,0,0,0,1.73673067225289,NA
CN09-086,2009,Female,J,28,1,0,2,-0.28657404810018,NA
CN09-086,2010,Female,A,35,0,0,0,0.387860858684175,NA
CN09-087,2009,Female,J,21,0,0,0,-0.961008954884535,CN08-005
CN09-088,2009,Male,J,24,0,0,0,-0.671965423405526,CN08-005
CN09-089,2009,Female,J,37,0,0,0,0.580556546336848,CN08-005
CN09-090,2009,Male,J,24,1,0,2,-0.671965423405526,CN08-071
CN09-090,2010,Male,A,48,0,3,3,1.64038282842655,CN08-071
CN09-091,2009,Female,J,20,0,0,0,-1.05735679871087,CN08-071
CN09-092,2009,Male,J,23,1,0,2,-0.768313267231862,CN08-071
CN09-092,2010,Male,A,42,0,0,0,1.06229576546853,CN08-071
CN09-093,2009,Female,A,41,0,1,1,0.965947921642194,NA
CN09-094,2009,Male,J,34,0,0,0,0.291513014857839,NA
CN09-095,2009,Female,J,28,0,0,0,-0.28657404810018,NA
CN09-096,2009,Male,J,25,0,0,0,-0.575617579579189,CN09-001
CN09-097,2009,Female,J,29,1,0,2,-0.190226204273843,CN08-071
CN09-097,2010,Female,A,36,0,0,0,0.484208702510512,CN08-071
CN09-098,2009,Female,J,23,1,0,2,-0.768313267231862,CN09-001
CN09-098,2010,Female,A,33,0,1,1,0.195165171031502,CN09-001
CN09-099,2009,Female,J,18,0,0,0,-1.25005248636354,CN08-073
CN09-100,2009,Female,J,25,0,0,0,-0.575617579579189,CN08-089
CN09-101,2009,Female,J,15,1,0,2,-1.53909601784255,CN09-102
CN09-101,2010,Female,A,43,1,0,2,1.15864360929487,CN09-102
CN09-102,2009,Female,J,34,0,2,2,0.291513014857839,NA
CN09-103,2009,Male,J,32,0,0,0,0.0988173272051659,NA
CN09-105,2009,Male,J,21,0,0,0,-0.961008954884535,CN08-089
CN09-106,2009,Female,J,21,1,0,2,-0.961008954884535,CN08-089
CN09-106,2010,Female,A,37,0,3,3,0.580556546336848,CN08-089
CN09-107,2009,Female,J,24,1,0,2,-0.671965423405526,CN08-053
CN09-107,2010,Female,A,40,0,1,1,0.869600077815857,CN08-053
CN09-108,2009,Female,J,23,0,0,0,-0.768313267231862,CN08-093
CN09-109,2009,Male,J,18,0,0,0,-1.25005248636354,CN07-125
CN09-110,2009,Female,J,32,0,0,0,0.0988173272051659,CN07-113
CN09-112,2009,Female,J,18,1,0,2,-1.25005248636354,CN09-008
CN09-112,2010,Female,A,46,0,2,2,1.44768714077388,CN09-008
CN09-114,2009,Male,J,26,0,0,0,-0.479269735752853,CN07-036
CN09-115,2009,Male,J,24,0,0,0,-0.671965423405526,CN07-036
CN09-116,2009,Female,J,26,1,0,2,-0.479269735752853,CN09-008
CN09-116,2010,Female,A,41,0,1,1,0.965947921642194,CN09-008
CN09-117,2009,Female,J,26,1,0,2,-0.479269735752853,CN09-008
CN09-117,2010,Female,A,37,0,2,2,0.580556546336848,CN09-008
CN09-118,2009,Female,J,24,1,0,2,-0.671965423405526,CN08-064
CN09-118,2010,Female,A,31,0,1,1,0.00246948337882945,CN08-064
CN09-119,2009,Female,J,25,0,0,0,-0.575617579579189,CN08-064
CN09-120,2009,Male,J,23,0,0,0,-0.768313267231862,CN07-036
CN09-122,2009,Male,J,26,0,0,0,-0.479269735752853,CN09-041
CN09-123,2009,Male,J,23,1,0,2,-0.768313267231862,CN09-014
CN09-123,2010,Male,A,37,0,0,0,0.580556546336848,CN09-014
CN09-124,2009,Female,J,28,0,0,0,-0.28657404810018,CN08-073
CN09-125,2009,Male,J,30,0,0,0,-0.093878360447507,CN08-076
CN09-126,2009,Male,J,25,0,0,0,-0.575617579579189,CN09-001
CN09-127,2009,Male,J,30,0,0,0,-0.093878360447507,NA
CN09-128,2009,Male,J,27,0,0,0,-0.382921891926516,CN08-005
CN09-129,2009,Female,J,24,1,0,2,-0.671965423405526,CN09-037
CN09-129,2010,Female,A,46,0,1,1,1.44768714077388,CN09-037
CN09-130,2009,Female,J,23,0,0,0,-0.768313267231862,CN07-114
CN09-131,2009,Male,J,23,1,0,2,-0.768313267231862,CN08-101
CN09-131,2010,Male,A,43,0,1,1,1.15864360929487,CN08-101
CN09-132,2009,Female,J,23,1,0,2,-0.768313267231862,CN08-077
CN09-132,2010,Female,A,44,0,2,2,1.2549914531212,CN08-077
CN09-133,2009,Male,J,18,0,0,0,-1.25005248636354,CN08-077
CN09-134,2009,Male,J,26,0,0,0,-0.479269735752853,CN08-076
CN09-135,2009,Male,J,31,1,0,2,0.00246948337882945,CN09-102
CN09-135,2010,Male,A,40,0,0,0,0.869600077815857,CN09-102
CN09-136,2009,Male,J,24,0,0,0,-0.671965423405526,CN08-112
CN09-137,2009,Female,J,22,1,0,2,-0.864661111058199,CN08-113
CN09-137,2010,Female,A,33,1,3,5,0.195165171031502,CN08-113
CN09-138,2009,Female,J,30,1,0,2,-0.093878360447507,CN08-093
CN09-138,2010,Female,A,36,0,4,4,0.484208702510512,CN08-093
CN09-139,2009,Female,J,22,0,0,0,-0.864661111058199,CN09-008
CN09-140,2009,Male,J,25,0,0,0,-0.575617579579189,CN09-008
CN09-141,2009,Male,J,22,1,0,2,-0.864661111058199,CN08-064
CN09-141,2010,Male,A,42,0,4,4,1.06229576546853,CN08-064
CN09-142,2009,Male,J,24,1,0,2,-0.671965423405526,CN08-112
CN09-142,2010,Male,A,47,0,2,2,1.54403498460021,CN08-112
CN10-001,2010,Male,A,50,0,0,0,1.83307851607922,NA
CN10-002,2010,Female,A,35,0,1,1,0.387860858684175,CN09-093
CN10-003,2010,Female,A,51,0,0,0,1.92942635990556,CN09-F11
CN10-004,2010,Female,A,40,1,1,3,0.869600077815857,CN08-073
CN10-005,2010,Female,A,42,0,0,0,1.06229576546853,CN07-114
CN10-007,2010,Male,A,49,0,2,2,1.73673067225289,NA
CN10-008,2010,Male,A,NA,1,1,3,NA,NA
CN10-009,2010,Female,A,41,0,1,1,0.965947921642194,NA
CN10-010,2010,Male,A,41,0,3,3,0.965947921642194,NA
CN10-012,2010,Male,A,41,0,2,2,0.965947921642194,CN08-053
CN10-013,2010,Female,J,17,0,0,0,-1.34640033018988,CN09-064
CN10-016,2010,Male,J,18,0,0,0,-1.25005248636354,CN09-064
CN10-017,2010,Female,A,34,0,5,5,0.291513014857839,CN08-053
CN10-018,2010,Female,A,34,0,0,0,0.291513014857839,CN09-003
CN10-020,2010,Female,A,41,0,1,1,0.965947921642194,CN08-064
CN10-021,2010,Female,A,31,0,1,1,0.00246948337882945,CN08-064
CN10-022,2010,Male,J,12,0,0,0,-1.82813954932156,CN09-106
CN10-023,2010,Male,A,45,0,6,6,1.35133929694754,NA
CN10-025,2010,Male,A,38,0,4,4,0.676904390163184,NA
CN10-026,2010,Female,A,44,0,1,1,1.2549914531212,NA
CN10-030,2010,Female,A,35,0,2,2,0.387860858684175,CN09-F11
CN10-031,2010,Male,A,50,0,1,1,1.83307851607922,CN09-041
CN10-032,2010,Female,J,12,0,0,0,-1.82813954932156,CN10-053
CN10-033,2010,Male,A,52,0,3,3,2.02577420373189,CN08-005
CN10-035,2010,Female,J,17,0,0,0,-1.34640033018988,CN09-106
CN10-037,2010,Female,J,13,0,0,0,-1.73179170549523,CN09-075
CN10-038,2010,Male,J,16,0,0,0,-1.44274817401622,CN09-075
CN10-039,2010,Male,A,47,0,2,2,1.54403498460021,NA
CN10-041,2010,Female,J,21,1,0,2,-0.961008954884535,CN09-073
CN10-042,2010,Female,J,26,0,0,0,-0.479269735752853,CN09-037
CN10-043,2010,Male,J,20,0,0,0,-1.05735679871087,CN09-129
CN10-044,2010,Male,J,19,0,0,0,-1.15370464253721,CN09-073
CN10-045,2010,Female,J,21,0,0,0,-0.961008954884535,CN09-137
CN10-046,2010,Male,J,18,1,0,2,-1.25005248636354,CN09-039
CN10-047,2010,Female,J,28,0,0,0,-0.28657404810018,CN10-030
CN10-048,2010,Male,J,28,0,0,0,-0.28657404810018,NA
CN10-051,2010,Female,J,18,0,0,0,-1.25005248636354,CN10-053
CN10-052,2010,Female,J,25,0,0,0,-0.575617579579189,CN10-009
CN10-053,2010,Female,A,40,0,2,2,0.869600077815857,CN08-071
CN10-054,2010,Male,J,29,1,0,2,-0.190226204273843,CN09-132
CN10-055,2010,Male,J,26,0,0,0,-0.479269735752853,CN09-071
CN10-056,2010,Female,J,27,0,0,0,-0.382921891926516,CN09-132
CN10-057,2010,Male,J,28,0,0,0,-0.28657404810018,CN10-004
CN10-058,2010,Female,J,19,0,0,0,-1.15370464253721,CN09-075
CN10-059,2010,Female,J,27,0,0,0,-0.382921891926516,CN07-114
CN10-060,2010,Female,J,27,0,0,0,-0.382921891926516,CN07-114
CN10-061,2010,Male,J,27,0,0,0,-0.382921891926516,CN08-093
CN10-062,2010,Male,J,25,0,0,0,-0.575617579579189,CN08-093
CN10-063,2010,Female,J,21,1,0,2,-0.961008954884535,CN09-075
CN10-064,2010,Female,J,21,0,0,0,-0.961008954884535,CN09-137
CN10-065,2010,Male,J,31,1,0,2,0.00246948337882945,CN09-137
CN10-066,2010,Male,J,22,0,0,0,-0.864661111058199,CN09-107
CN10-067,2010,Male,J,20,0,0,0,-1.05735679871087,CN10-021
CN10-068,2010,Female,J,27,1,0,2,-0.382921891926516,CN10-017
CN10-069,2010,Female,J,23,1,0,2,-0.768313267231862,CN09-052
CN10-070,2010,Male,J,30,0,0,0,-0.093878360447507,CN09-052
CN10-072,2010,Male,J,20,0,0,0,-1.05735679871087,CN09-106
CN10-073,2010,Male,J,19,0,0,0,-1.15370464253721,CN08-089
CN10-074,2010,Male,J,22,0,0,0,-0.864661111058199,CN10-017
CN10-075,2010,Male,J,27,1,0,2,-0.382921891926516,CN09-052
CN10-076,2010,Male,J,29,0,0,0,-0.190226204273843,CN08-089
CN10-077,2010,Female,J,23,0,0,0,-0.768313267231862,CN10-017
CN10-078,2010,Male,J,28,0,0,0,-0.28657404810018,CN10-017
CN10-079,2010,Male,J,21,0,0,0,-0.961008954884535,CN09-078
CN10-080,2010,Female,J,19,0,0,0,-1.15370464253721,CN09-078
CN10-081,2010,Male,J,21,0,0,0,-0.961008954884535,CN08-093
CN10-082,2010,Female,J,22,0,0,0,-0.864661111058199,CN09-116
CN10-083,2010,Female,J,24,0,0,0,-0.671965423405526,CN09-059
CN10-084,2010,Female,J,19,0,0,0,-1.15370464253721,CN09-059
CN10-085,2010,Female,J,29,0,0,0,-0.190226204273843,CN09-112
CN10-086,2010,Male,J,25,0,0,0,-0.575617579579189,CN09-118
CN10-087,2010,Female,J,22,0,0,0,-0.864661111058199,CN10-020
CN10-089,2010,Female,J,21,0,0,0,-0.961008954884535,CN09-117
CN10-090,2010,Male,J,18,0,0,0,-1.25005248636354,CN09-117
CN10-091,2010,Male,J,15,1,0,2,-1.53909601784255,CN09-064
CN10-092,2010,Male,J,31,0,0,0,0.00246948337882945,CN09-064
CN10-093,2010,Male,J,26,0,0,0,-0.479269735752853,CN07-113
CN10-094,2010,Male,J,19,0,0,0,-1.15370464253721,CN08-093
CN10-095,2010,Male,J,17,0,0,0,-1.34640033018988,CN09-138
CN10-097,2010,Female,J,15,1,0,2,-1.53909601784255,CN09-138
CN10-098,2010,Female,J,22,1,0,2,-0.864661111058199,CN09-138
CN10-100,2010,Male,A,NA,0,2,2,NA,NA
CN10-102,2010,Male,J,21,0,0,0,-0.961008954884535,CN09-075
