"","id","year","sex","age","mass","survival","reproduction","fitness","StMass","mother"
"1","CN09-020",2011,"Male","A",48,0,1,1,1.64038282842655,"CN07-125"
"2","CN09-101",2011,"Female","A",38,0,0,0,0.676904390163184,"CN09-102"
"3","CN09-137",2011,"Female","A",34,0,3,3,0.291513014857839,"CN08-113"
"4","CN10-004",2011,"Female","A",44,0,2,2,1.2549914531212,"CN08-073"
"5","CN10-008",2011,"Male","A",46,0,0,0,1.44768714077388,NA
"6","CN10-041",2011,"Female","A",44,0,0,0,1.2549914531212,"CN09-073"
"7","CN10-046",2011,"Male","A",42,0,3,3,1.06229576546853,"CN09-039"
"8","CN10-054",2011,"Male","A",47,0,2,2,1.54403498460021,"CN09-132"
"9","CN10-063",2011,"Female","A",35,0,1,1,0.387860858684175,"CN09-075"
"10","CN10-065",2011,"Male","A",44,0,2,2,1.2549914531212,"CN09-137"
"11","CN10-068",2011,"Female","A",39,0,3,3,0.773252233989521,"CN10-017"
"12","CN10-069",2011,"Female","A",39,1,0,2,0.773252233989521,"CN09-052"
"13","CN10-069",2012,"Female","A",38,0,3,3,0.676904390163184,"CN09-052"
"14","CN10-075",2011,"Male","A",41,0,1,1,0.965947921642194,"CN09-052"
"15","CN10-091",2011,"Male","A",40,0,3,3,0.869600077815857,"CN09-064"
"16","CN10-097",2011,"Female","A",35,0,2,2,0.387860858684175,"CN09-138"
"17","CN10-098",2011,"Female","A",36,0,2,2,0.484208702510512,"CN09-138"
"18","CN11-001",2011,"Female","A",44,0,1,1,1.2549914531212,"CN10-002"
"19","CN11-002",2011,"Male","A",43,0,0,0,1.15864360929487,NA
"20","CN11-003",2011,"Male","A",42,0,0,0,1.06229576546853,"CN09-138"
"21","CN11-004",2011,"Female","A",40,1,2,4,0.869600077815857,"CN10-030"
"22","CN11-004",2012,"Female","A",52,0,2,2,2.02577420373189,"CN10-030"
"23","CN11-005",2011,"Male","A",42,1,3,5,1.06229576546853,NA
"24","CN11-005",2012,"Male","A",42,0,0,0,1.06229576546853,NA
"25","CN11-006",2011,"Female","A",37,0,2,2,0.580556546336848,"CN09-084"
"26","CN11-007",2011,"Female","A",33,0,0,0,0.195165171031502,"CN10-026"
"27","CN11-008",2011,"Male","A",43,0,3,3,1.15864360929487,"CN10-017"
"28","CN11-009",2011,"Female","A",51,0,0,0,1.92942635990556,"CN09-098"
"29","CN11-013",2011,"Female","A",40,0,0,0,0.869600077815857,NA
"30","CN11-014",2011,"Male","A",48,0,0,0,1.64038282842655,NA
"31","CN11-015",2011,"Male","A",47,0,5,5,1.54403498460021,NA
"32","CN11-018",2011,"Female","A",48,0,0,0,1.64038282842655,"CN09-064"
"33","CN11-019",2011,"Male","A",45,0,0,0,1.35133929694754,NA
"34","CN11-021",2011,"Male","A",41,0,0,0,0.965947921642194,"CN09-112"
"35","CN11-023",2011,"Female","A",36,0,4,4,0.484208702510512,"CN09-059"
"36","CN11-025",2011,"Female","J",26,0,0,0,-0.479269735752853,NA
"37","CN11-026",2011,"Male","A",48,0,1,1,1.64038282842655,NA
"38","CN11-027",2011,"Female","J",19,0,0,0,-1.15370464253721,NA
"39","CN11-028",2011,"Male","J",21,1,0,2,-0.961008954884535,"CN10-004"
"40","CN11-028",2012,"Male","A",41,1,1,3,0.965947921642194,"CN10-004"
"41","CN11-028",2013,"Male","A",41,0,5,5,0.965947921642194,"CN10-004"
"42","CN11-030",2011,"Female","J",17,0,0,0,-1.34640033018988,"CN10-004"
"43","CN11-031",2011,"Female","J",22,1,0,2,-0.864661111058199,"CN10-063"
"44","CN11-031",2012,"Female","A",NA,0,6,6,NA,"CN10-063"
"45","CN11-032",2011,"Male","J",NA,0,0,0,NA,"CN11-004"
"46","CN11-033",2011,"Male","A",NA,0,0,0,NA,"CN09-084"
"47","CN11-034",2011,"Male","J",NA,1,0,2,NA,"CN11-006"
"48","CN11-034",2012,"Male","A",50,0,2,2,1.83307851607922,"CN11-006"
"49","CN11-036",2011,"Male","J",NA,0,0,0,NA,NA
"50","CN11-037",2011,"Male","J",NA,0,0,0,NA,"CN09-137"
"51","CN11-038",2011,"Male","J",NA,0,0,0,NA,"CN09-137"
"52","CN11-039",2011,"Female","A",45,0,1,1,1.35133929694754,"CN08-076"
"53","CN11-040",2011,"Male","J",NA,1,0,2,NA,NA
"54","CN11-040",2012,"Male","A",42,0,3,3,1.06229576546853,NA
"55","CN11-041",2011,"Male","J",17,0,0,0,-1.34640033018988,"CN11-023"
"56","CN11-043",2011,"Male","J",21,0,0,0,-0.961008954884535,"CN11-023"
"57","CN11-044",2011,"Male","J",27,0,0,0,-0.382921891926516,"CN10-097"
"58","CN11-045",2011,"Female","A",35,1,0,2,0.387860858684175,NA
"59","CN11-045",2012,"Female","A",33,0,0,0,0.195165171031502,NA
"60","CN11-046",2011,"Male","J",25,0,0,0,-0.575617579579189,"CN10-097"
"61","CN11-047",2011,"Female","J",28,0,0,0,-0.28657404810018,"CN10-068"
"62","CN11-048",2011,"Male","J",22,0,0,0,-0.864661111058199,"CN10-068"
"63","CN11-050",2011,"Male","A",41,0,0,0,0.965947921642194,NA
"64","CN11-051",2011,"Female","J",20,0,0,0,-1.05735679871087,"CN10-068"
"65","CN11-052",2011,"Male","J",21,0,0,0,-0.961008954884535,"CN09-137"
"66","CN12-001",2012,"Female","A",42,0,1,1,1.06229576546853,"CN11-039"
"67","CN12-002",2012,"Female","A",38,0,2,2,0.676904390163184,NA
"68","CN12-003",2012,"Female","A",34,1,4,6,0.291513014857839,"CN10-098"
"69","CN12-003",2013,"Female","A",40,0,4,4,0.869600077815857,"CN10-098"
"70","CN12-004",2012,"Female","A",39,1,4,6,0.773252233989521,NA
"71","CN12-004",2013,"Female","A",42,0,2,2,1.06229576546853,NA
"72","CN12-005",2012,"Female","A",38,0,0,0,0.676904390163184,"CN11-006"
"73","CN12-006",2012,"Male","A",50,0,2,2,1.83307851607922,"CN11-004"
"74","CN12-007",2012,"Female","A",35,0,0,0,0.387860858684175,"CN11-001"
"75","CN12-008",2012,"Male","A",42,0,3,3,1.06229576546853,"CN11-023"
"76","CN12-009",2012,"Female","A",35,0,2,2,0.387860858684175,NA
"77","CN12-010",2012,"Male","A",48,0,2,2,1.64038282842655,NA
"78","CN12-011",2012,"Male","A",44,0,6,6,1.2549914531212,"CN12-009"
"79","CN12-012",2012,"Male","A",39,0,1,1,0.773252233989521,NA
"80","CN12-013",2012,"Male","A",51,0,0,0,1.92942635990556,NA
"81","CN12-014",2012,"Male","A",39,1,2,4,0.773252233989521,"CN11-023"
"82","CN12-014",2013,"Male","A",39,0,7,7,0.773252233989521,"CN11-023"
"83","CN12-015",2012,"Female","A",47,1,4,6,1.54403498460021,NA
"84","CN12-015",2013,"Female","A",46,0,0,0,1.44768714077388,NA
"85","CN12-016",2012,"Male","A",51,0,7,7,1.92942635990556,NA
"86","CN12-017",2012,"Female","J",18,0,0,0,-1.25005248636354,"CN11-031"
"87","CN12-018",2012,"Male","A",NA,0,0,0,NA,NA
"88","CN12-019",2012,"Female","J",NA,1,1,3,NA,"CN12-002"
"89","CN12-019",2013,"Female","A",28,0,4,4,-0.28657404810018,"CN12-002"
"90","CN12-020",2012,"Male","A",48,0,0,0,1.64038282842655,NA
"91","CN12-021",2012,"Male","J",19,1,0,2,-1.15370464253721,"CN12-009"
"92","CN12-021",2013,"Male","A",40,0,6,6,0.869600077815857,"CN12-009"
"93","CN12-022",2012,"Male","A",44,0,2,2,1.2549914531212,NA
"94","CN12-024",2012,"Male","A",39,0,1,1,0.773252233989521,NA
"95","CN12-025",2012,"Female","J",23,0,0,0,-0.768313267231862,"CN11-031"
"96","CN12-026",2012,"Male","J",25,1,0,2,-0.575617579579189,"CN12-003"
"97","CN12-026",2013,"Male","A",40,0,3,3,0.869600077815857,"CN12-003"
"98","CN12-027",2012,"Male","J",25,0,0,0,-0.575617579579189,"CN12-003"
"99","CN12-028",2012,"Female","J",20,0,0,0,-1.05735679871087,"CN12-015"
"100","CN12-029",2012,"Female","J",21,1,0,2,-0.961008954884535,"CN10-069"
"101","CN12-029",2013,"Female","A",36,0,2,2,0.484208702510512,"CN10-069"
"102","CN12-030",2012,"Female","A",43,0,3,3,1.15864360929487,NA
"103","CN12-031",2012,"Male","J",28,1,0,2,-0.28657404810018,"CN10-097"
"104","CN12-031",2013,"Male","A",49,0,0,0,1.73673067225289,"CN10-097"
"105","CN12-032",2012,"Female","J",18,1,0,2,-1.25005248636354,"CN10-097"
"106","CN12-032",2013,"Female","A",41,0,5,5,0.965947921642194,"CN10-097"
"107","CN12-033",2012,"Female","J",25,1,0,2,-0.575617579579189,"CN12-015"
"108","CN12-033",2013,"Female","A",44,1,4,6,1.2549914531212,"CN12-015"
"109","CN12-033",2014,"Female","A",40,0,2,2,0.869600077815857,"CN12-015"
"110","CN12-034",2012,"Female","J",23,0,0,0,-0.768313267231862,"CN10-069"
"111","CN12-035",2012,"Female","A",33,1,3,5,0.195165171031502,"CN10-098"
"112","CN12-035",2013,"Female","A",35,0,6,6,0.387860858684175,"CN10-098"
"113","CN12-037",2012,"Male","J",28,0,0,0,-0.28657404810018,"CN11-004"
"114","CN12-038",2012,"Female","J",23,0,0,0,-0.768313267231862,"CN12-002"
"115","CN12-039",2012,"Female","J",34,0,0,0,0.291513014857839,"CN11-031"
"116","CN12-040",2012,"Male","A",44,0,3,3,1.2549914531212,NA
"117","CN12-041",2012,"Male","J",25,1,0,2,-0.575617579579189,"CN12-F2"
"118","CN12-041",2013,"Male","A",39,0,0,0,0.773252233989521,"CN12-F2"
"119","CN12-042",2012,"Male","J",26,0,0,0,-0.479269735752853,"CN11-031"
"120","CN12-043",2012,"Male","J",29,0,0,0,-0.190226204273843,"CN12-009"
"121","CN12-044",2012,"Female","J",23,1,0,2,-0.768313267231862,"CN12-003"
"122","CN12-044",2013,"Female","A",40,0,6,6,0.869600077815857,"CN12-003"
"123","CN12-045",2012,"Female","J",22,1,0,2,-0.864661111058199,"CN12-003"
"124","CN12-045",2013,"Female","A",38,1,0,2,0.676904390163184,"CN12-003"
"125","CN12-045",2014,"Female","A",37,0,5,5,0.580556546336848,"CN12-003"
"126","CN12-047",2012,"Female","J",30,1,0,2,-0.093878360447507,"CN12-004"
"127","CN12-047",2013,"Female","A",39,0,2,2,0.773252233989521,"CN12-004"
"128","CN12-048",2012,"Female","J",29,0,0,0,-0.190226204273843,"CN10-097"
"129","CN12-049",2012,"Male","J",34,0,0,0,0.291513014857839,"CN12-035"
"130","CN12-050",2012,"Female","J",22,0,0,0,-0.864661111058199,"CN10-097"
"131","CN12-051",2012,"Male","J",28,1,1,3,-0.28657404810018,"CN12-F3"
"132","CN12-051",2013,"Male","A",37,0,2,2,0.580556546336848,"CN12-F3"
"133","CN12-053",2012,"Female","J",29,1,0,2,-0.190226204273843,"CN12-035"
"134","CN12-053",2013,"Female","A",42,0,7,7,1.06229576546853,"CN12-035"
"135","CN12-054",2012,"Female","J",20,0,0,0,-1.05735679871087,"CN12-035"
"136","CN12-055",2012,"Male","J",28,0,0,0,-0.28657404810018,"CN12-015"
"137","CN12-056",2012,"Male","J",33,1,0,2,0.195165171031502,"CN12-015"
"138","CN12-056",2013,"Male","A",53,1,2,4,2.12212204755823,"CN12-015"
"139","CN12-056",2014,"Male","A",48,0,0,0,1.64038282842655,"CN12-015"
"140","CN12-057",2012,"Male","J",33,1,0,2,0.195165171031502,"CN12-030"
"141","CN12-057",2013,"Male","A",43,0,2,2,1.15864360929487,"CN12-030"
"142","CN12-058",2012,"Male","A",44,0,1,1,1.2549914531212,NA
"143","CN12-059",2012,"Female","J",31,0,0,0,0.00246948337882945,"CN12-F4"
"144","CN12-060",2012,"Female","J",19,0,0,0,-1.15370464253721,"CN12-001"
"145","CN12-062",2012,"Female","J",24,0,0,0,-0.671965423405526,"CN11-031"
"146","CN12-063",2012,"Male","J",35,0,0,0,0.387860858684175,"CN12-030"
"147","CN13-001",2013,"Male","A",39,0,1,1,0.773252233989521,"CN11-004"
"148","CN13-002",2013,"Female","A",37,1,8,10,0.580556546336848,"CN12-004"
"149","CN13-002",2014,"Female","A",45,0,4,4,1.35133929694754,"CN12-004"
"150","CN13-004",2013,"Female","A",35,0,0,0,0.387860858684175,NA
"151","CN13-005",2013,"Female","A",42,1,5,7,1.06229576546853,"CN11-031"
"152","CN13-005",2014,"Female","A",44,0,1,1,1.2549914531212,"CN11-031"
"153","CN13-008",2013,"Male","A",45,0,9,9,1.35133929694754,NA
"154","CN13-009",2013,"Male","J",21,0,0,0,-0.961008954884535,"CN12-019"
"155","CN13-010",2013,"Male","J",19,0,0,0,-1.15370464253721,"CN12-053"
"156","CN13-015",2013,"Female","A",41,1,0,2,0.965947921642194,"CN12-030"
"157","CN13-015",2014,"Female","A",48,0,2,2,1.64038282842655,"CN12-030"
"158","CN13-016",2013,"Female","A",35,1,2,4,0.387860858684175,"CN10-069"
"159","CN13-016",2014,"Female","A",37,1,4,6,0.580556546336848,"CN10-069"
"160","CN13-012",2013,"Male","A",44,0,2,2,1.2549914531212,NA
"161","CN13-017",2013,"Male","A",49,0,1,1,1.73673067225289,NA
"162","CN13-018",2013,"Male","A",52,0,3,3,2.02577420373189,NA
"163","CN13-019",2013,"Male","A",45,0,13,13,1.35133929694754,NA
"164","CN13-020",2013,"Female","J",28,1,3,5,-0.28657404810018,"CN13-002"
"165","CN13-020",2014,"Female","A",38,0,1,1,0.676904390163184,"CN13-002"
"166","CN13-022",2013,"Female","A",48,0,4,4,1.64038282842655,NA
"167","CN13-024",2013,"Male","J",21,0,0,0,-0.961008954884535,"CN13-005"
"168","CN13-025",2013,"Male","J",12,0,0,0,-1.82813954932156,"CN13-002"
"169","CN13-027",2013,"Male","A",48,0,2,2,1.64038282842655,NA
"170","CN13-028",2013,"Female","A",39,0,1,1,0.773252233989521,NA
"171","CN13-030",2013,"Female","A",42,0,1,1,1.06229576546853,NA
"172","CN13-032",2013,"Male","J",29,0,0,0,-0.190226204273843,"CN12-053"
"173","CN13-033",2013,"Male","A",47,0,10,10,1.54403498460021,NA
"174","CN13-034",2013,"Female","J",17,0,0,0,-1.34640033018988,"CN12-003"
"175","CN13-035",2013,"Female","J",28,1,1,3,-0.28657404810018,"CN12-032"
"176","CN13-035",2014,"Female","A",39,0,1,1,0.773252233989521,"CN12-032"
"177","CN13-036",2013,"Male","J",19,1,0,2,-1.15370464253721,"CN12-053"
"178","CN13-036",2014,"Male","A",51,0,0,0,1.92942635990556,"CN12-053"
"179","CN13-037",2013,"Male","J",17,0,0,0,-1.34640033018988,"CN12-053"
"180","CN13-038",2013,"Male","A",42,0,4,4,1.06229576546853,NA
"181","CN13-039",2013,"Female","J",12,0,0,0,-1.82813954932156,"CN12-044"
"182","CN13-040",2013,"Female","J",33,0,1,1,0.195165171031502,"CN13-F1"
"183","CN13-041",2013,"Male","J",28,1,0,2,-0.28657404810018,"CN13-F2"
"184","CN13-041",2014,"Male","A",38,0,1,1,0.676904390163184,"CN13-F2"
"185","CN13-042",2013,"Male","J",27,0,0,0,-0.382921891926516,"CN13-F2"
"186","CN13-044",2013,"Female","J",36,1,1,3,0.484208702510512,"CN13-005"
"187","CN13-044",2014,"Female","A",40,0,3,3,0.869600077815857,"CN13-005"
"188","CN13-045",2013,"Female","J",20,1,0,2,-1.05735679871087,"CN13-002"
"189","CN13-045",2014,"Female","A",33,0,3,3,0.195165171031502,"CN13-002"
"190","CN13-046",2013,"Female","A",40,0,0,0,0.869600077815857,"CN12-004"
"191","CN13-048",2013,"Female","J",31,1,0,2,0.00246948337882945,"CN13-005"
"192","CN13-048",2014,"Female","A",34,0,4,4,0.291513014857839,"CN13-005"
"193","CN13-049",2013,"Male","J",19,1,0,2,-1.15370464253721,"CN13-005"
"194","CN13-049",2014,"Male","A",42,0,1,1,1.06229576546853,"CN13-005"
"195","CN13-051",2013,"Male","J",26,1,0,2,-0.479269735752853,"CN12-044"
"196","CN13-051",2014,"Male","A",44,0,5,5,1.2549914531212,"CN12-044"
"197","CN13-052",2013,"Male","J",22,0,0,0,-0.864661111058199,"CN13-002"
"198","CN13-053",2013,"Female","J",16,0,0,0,-1.44274817401622,"CN13-028"
"199","CN13-054",2013,"Female","J",24,0,0,0,-0.671965423405526,"CN13-030"
"200","CN13-055",2013,"Female","A",39,0,2,2,0.773252233989521,"CN12-004"
"201","CN13-057",2013,"Female","J",27,1,0,2,-0.382921891926516,"CN12-029"
"202","CN13-057",2014,"Female","A",38,0,4,4,0.676904390163184,"CN12-029"
"203","CN13-058",2013,"Male","J",19,0,0,0,-1.15370464253721,"CN12-033"
"204","CN13-059",2013,"Male","J",20,0,0,0,-1.05735679871087,"CN12-033"
"205","CN13-060",2013,"Female","J",NA,0,0,0,NA,"CN12-019"
"206","CN13-061",2013,"Male","J",12,1,0,2,-1.82813954932156,"CN12-003"
"207","CN13-061",2014,"Male","A",40,0,0,0,0.869600077815857,"CN12-003"
"208","CN13-062",2013,"Male","J",22,0,0,0,-0.864661111058199,"CN12-033"
"209","CN13-063",2013,"Female","J",18,1,1,3,-1.25005248636354,"CN12-053"
"210","CN13-063",2014,"Female","A",44,0,1,1,1.2549914531212,"CN12-053"
"211","CN13-065",2013,"Female","J",15,1,0,2,-1.53909601784255,"CN12-032"
"212","CN13-065",2014,"Female","A",35,1,3,5,0.387860858684175,"CN12-032"
"213","CN13-066",2013,"Female","J",31,1,0,2,0.00246948337882945,"CN12-032"
"214","CN13-066",2014,"Female","A",40,0,4,4,0.869600077815857,"CN12-032"
"215","CN13-067",2013,"Male","J",17,0,0,0,-1.34640033018988,"CN12-053"
"216","CN13-068",2013,"Male","J",34,0,0,0,0.291513014857839,"CN12-035"
"217","CN13-069",2013,"Male","J",36,0,0,0,0.484208702510512,"CN13-F3"
"218","CN13-070",2013,"Male","J",37,0,0,0,0.580556546336848,NA
"219","CN13-071",2013,"Male","J",25,0,0,0,-0.575617579579189,"CN13-022"
"220","CN13-073",2013,"Female","J",25,0,0,0,-0.575617579579189,"CN13-F1"
"221","CN13-074",2013,"Female","J",23,1,0,2,-0.768313267231862,"CN13-F3"
"222","CN13-074",2014,"Female","A",38,0,2,2,0.676904390163184,"CN13-F3"
"223","CN13-075",2013,"Male","J",31,1,0,2,0.00246948337882945,"CN12-047"
"224","CN13-075",2014,"Male","A",46,0,6,6,1.44768714077388,"CN12-047"
"225","CN13-076",2013,"Female","J",24,0,0,0,-0.671965423405526,"CN12-047"
"226","CN13-077",2013,"Male","J",25,0,0,0,-0.575617579579189,"CN13-055"
"227","CN13-078",2013,"Male","J",25,0,0,0,-0.575617579579189,"CN12-004"
"228","CN13-080",2013,"Female","J",28,1,0,2,-0.28657404810018,"CN13-022"
"229","CN13-080",2014,"Female","A",50,1,2,4,1.83307851607922,"CN13-022"
"230","CN13-081",2013,"Male","J",20,0,0,0,-1.05735679871087,"CN13-020"
"231","CN13-082",2013,"Male","J",23,1,0,2,-0.768313267231862,"CN13-044"
"232","CN13-082",2014,"Male","A",41,0,4,4,0.965947921642194,"CN13-044"
"233","CN13-083",2013,"Female","J",16,1,0,2,-1.44274817401622,"CN13-002"
"234","CN13-083",2014,"Female","A",45,0,2,2,1.35133929694754,"CN13-002"
"235","CN13-084",2013,"Male","J",20,0,0,0,-1.05735679871087,"CN12-044"
"236","CN13-085",2013,"Male","J",18,0,0,0,-1.25005248636354,"CN13-020"
"237","CN13-086",2013,"Female","J",21,1,0,2,-0.961008954884535,"CN13-020"
"238","CN13-086",2014,"Female","A",37,0,0,0,0.580556546336848,"CN13-020"
"239","CN13-088",2013,"Male","J",24,0,0,0,-0.671965423405526,"CN13-002"
"240","CN13-087",2013,"Female","J",26,1,0,2,-0.479269735752853,NA
"241","CN13-087",2014,"Female","A",34,0,0,0,0.291513014857839,NA
"242","CN13-089",2013,"Female","J",27,1,0,2,-0.382921891926516,"CN13-055"
"243","CN13-089",2014,"Female","A",36,0,0,0,0.484208702510512,"CN13-055"
"244","CN13-090",2013,"Female","J",22,0,0,0,-0.864661111058199,"CN12-003"
"245","CN13-091",2013,"Male","J",29,0,0,0,-0.190226204273843,"CN13-016"
"246","CN13-092",2013,"Male","J",33,0,0,0,0.195165171031502,"CN13-022"
"247","CN13-093",2013,"Male","J",27,0,0,0,-0.382921891926516,"CN12-044"
"248","CN13-097",2013,"Male","J",22,0,0,0,-0.864661111058199,"CN13-016"
"249","CN13-098",2013,"Female","J",24,1,0,2,-0.671965423405526,"CN12-019"
"250","CN13-098",2014,"Female","A",39,1,5,7,0.773252233989521,"CN12-019"
"251","CN13-100",2013,"Female","J",24,0,0,0,-0.671965423405526,"CN12-033"
"252","CN13-101",2013,"Male","J",25,0,1,1,-0.575617579579189,"CN12-035"
"253","CN13-102",2013,"Female","J",23,0,0,0,-0.768313267231862,"CN12-019"
"254","CN13-104",2013,"Female","J",11,0,0,0,-1.9244873931479,"CN12-032"
"255","CN13-105",2013,"Male","J",20,0,0,0,-1.05735679871087,"CN12-035"
"256","CN13-106",2013,"Male","J",21,1,0,2,-0.961008954884535,"CN12-053"
"257","CN13-106",2014,"Male","A",44,0,8,8,1.2549914531212,"CN12-053"
"258","CN13-109RM",2013,"Male","J",28,0,0,0,-0.28657404810018,"CN12-004"
"259","CN13-110",2013,"Male","J",30,1,0,2,-0.093878360447507,"CN13-002"
"260","CN13-110",2014,"Male","A",44,0,4,4,1.2549914531212,"CN13-002"
"261","CN13-111",2013,"Female","J",26,1,0,2,-0.479269735752853,"CN13-002"
"262","CN13-111",2014,"Female","A",45,1,1,3,1.35133929694754,"CN13-002"
"263","CN13-112",2013,"Female","J",16,1,0,2,-1.44274817401622,"CN12-003"
"264","CN13-112",2014,"Female","A",35,0,5,5,0.387860858684175,"CN12-003"
"265","CN13-113",2013,"Male","J",24,0,0,0,-0.671965423405526,"CN12-044"
"266","CN13-114",2013,"Female","J",NA,1,0,2,NA,"CN12-044"
"267","CN13-114",2014,"Female","A",42,0,3,3,1.06229576546853,"CN12-044"
"268","CN13-115",2013,"Female","J",29,0,0,0,-0.190226204273843,"CN13-035"
"269","CN13-116",2013,"Female","J",22,1,0,2,-0.864661111058199,"CN12-032"
"270","CN13-116",2014,"Female","A",34,0,3,3,0.291513014857839,"CN12-032"
"271","CN13-117",2013,"Male","J",30,0,0,0,-0.093878360447507,"CN12-035"
"272","CN13-118",2013,"Female","J",25,1,0,2,-0.575617579579189,"CN12-019"
"273","CN13-118",2014,"Female","A",36,0,1,1,0.484208702510512,"CN12-019"
"274","CN13-119",2013,"Female","J",28,1,0,2,-0.28657404810018,"CN12-035"
"275","CN13-119",2014,"Female","A",43,0,5,5,1.15864360929487,"CN12-035"
"276","CN13-121",2013,"Male","J",29,0,0,0,-0.190226204273843,"CN12-029"
"277","CN14-002",2014,"Female","A",40,0,3,3,0.869600077815857,"CN13-040"
"278","CN14-004",2014,"Female","A",41,0,3,3,0.965947921642194,NA
"279","CN14-003",2014,"Female","A",42,1,2,4,1.06229576546853,NA
"280","CN14-009",2014,"Male","J",20,0,0,0,-1.05735679871087,"CN13-098"
"281","CN14-010",2014,"Male","J",22,0,0,0,-0.864661111058199,"CN13-098"
"282","CN14-011",2014,"Male","A",43,0,12,12,1.15864360929487,NA
"283","CN14-012",2014,"Male","J",28,0,0,0,-0.28657404810018,"CN13-115"
"284","CN14-013",2014,"Male","J",12,0,0,0,-1.82813954932156,"CN13-066"
"285","CN14-014",2014,"Male","J",12,0,0,0,-1.82813954932156,"CN13-066"
"286","CN14-015",2014,"Female","J",19,0,0,0,-1.15370464253721,"CN14-075"
"287","CN14-016",2014,"Male","J",22,0,0,0,-0.864661111058199,"CN13-118"
"288","CN14-019",2014,"Female","J",22,0,0,0,-0.864661111058199,"CN13-116"
"289","CN14-021",2014,"Female","A",44,1,1,3,1.2549914531212,NA
"290","CN14-023",2014,"Male","J",31,0,0,0,0.00246948337882945,"CN13-005"
"291","CN14-024",2014,"Female","J",23,1,0,2,-0.768313267231862,"CN12-045"
"292","CN14-025",2014,"Male","J",27,0,0,0,-0.382921891926516,"CN13-098"
"293","CN14-026",2014,"Male","J",29,0,0,0,-0.190226204273843,"CN13-048"
"294","CN14-027",2014,"Male","J",16,0,0,0,-1.44274817401622,"CN13-048"
"295","CN14-028",2014,"Female","A",40,1,2,4,0.869600077815857,"CN13-005"
"296","CN14-029",2014,"Male","A",43,0,0,0,1.15864360929487,NA
"297","CN14-030",2014,"Female","A",37,0,3,3,0.580556546336848,"CN13-022"
"298","CN14-031",2014,"Male","A",39,0,4,4,0.773252233989521,NA
"299","CN14-032",2014,"Female","J",23,1,0,2,-0.768313267231862,"CN13-020"
"300","CN14-033",2014,"Male","A",44,0,12,12,1.2549914531212,NA
"301","CN14-034",2014,"Male","J",30,1,0,2,-0.093878360447507,"CN13-002"
"302","CN14-035",2014,"Male","J",14,0,0,0,-1.63544386166889,"CN14-030"
"303","CN14-036",2014,"Male","J",28,0,0,0,-0.28657404810018,"CN13-112"
"304","CN14-037",2014,"Male","J",23,0,0,0,-0.768313267231862,"CN13-066"
"305","CN14-038",2014,"Female","J",25,0,0,0,-0.575617579579189,"CN13-112"
"306","CN14-039",2014,"Male","J",NA,0,0,0,NA,"CN12-033"
"307","CN14-041",2014,"Female","J",25,0,0,0,-0.575617579579189,"CN14-075"
"308","CN14-043",2014,"Female","J",22,0,0,0,-0.864661111058199,"CN13-065"
"309","CN14-045",2014,"Male","A",36,0,0,0,0.484208702510512,"CN13-063"
"310","CN14-046",2014,"Female","J",22,0,0,0,-0.864661111058199,"CN13-119"
"311","CN14-047",2014,"Male","J",20,0,0,0,-1.05735679871087,"CN12-045"
"312","CN14-048",2014,"Male","J",14,0,0,0,-1.63544386166889,"CN13-015"
"313","CN14-049",2014,"Female","J",13,0,0,0,-1.73179170549523,"CN13-016"
"314","CN14-050",2014,"Female","J",32,0,0,0,0.0988173272051659,"CN13-116"
"315","CN14-052",2014,"Female","J",26,0,0,0,-0.479269735752853,"CN13-112"
"316","CN14-053",2014,"Female","J",24,0,0,0,-0.671965423405526,"CN13-098"
"317","CN14-054",2014,"Female","J",25,0,0,0,-0.575617579579189,"CN14-004"
"318","CN14-055",2014,"Female","J",23,1,0,2,-0.768313267231862,"CN14-002"
"319","CN14-056",2014,"Female","J",34,1,0,2,0.291513014857839,"CN14-030"
"320","CN14-057",2014,"Male","J",32,0,0,0,0.0988173272051659,"CN13-044"
"321","CN14-058",2014,"Female","J",34,0,0,0,0.291513014857839,"CN13-083"
"322","CN14-059",2014,"Female","J",23,0,0,0,-0.768313267231862,"CN13-002"
"323","CN14-060",2014,"Male","J",18,0,0,0,-1.25005248636354,"CN13-114"
"324","CN14-061",2014,"Female","J",24,1,0,2,-0.671965423405526,"CN13-002"
"325","CN14-062",2014,"Male","J",34,0,0,0,0.291513014857839,"CN14-003"
"326","CN14-063",2014,"Male","J",24,0,0,0,-0.671965423405526,"CN14-004"
"327","CN14-064",2014,"Male","J",28,0,0,0,-0.28657404810018,NA
"328","CN14-065",2014,"Female","J",30,0,0,0,-0.093878360447507,"CN13-080"
"329","CN14-066",2014,"Male","J",18,0,0,0,-1.25005248636354,"CN14-028"
"330","CN14-067",2014,"Male","J",22,0,0,0,-0.864661111058199,"CN14-028"
"331","CN14-068",2014,"Male","J",18,0,0,0,-1.25005248636354,"CN13-045"
"332","CN14-069",2014,"Female","J",23,1,0,2,-0.768313267231862,"CN13-074"
"333","CN14-070",2014,"Female","J",24,0,0,0,-0.671965423405526,"CN13-080"
"334","CN14-071",2014,"Male","J",28,0,0,0,-0.28657404810018,NA
"335","CN14-072",2014,"Male","J",31,0,0,0,0.00246948337882945,"CN13-035"
"336","CN14-073",2014,"Male","J",19,0,0,0,-1.15370464253721,"CN13-116"
"337","CN14-074",2014,"Female","J",24,1,0,2,-0.671965423405526,"CN13-063"
"338","CN14-075",2014,"Female","A",32,0,3,3,0.0988173272051659,"CN12-035"
"339","CN14-076",2014,"Male","J",23,0,0,0,-0.768313267231862,"CN13-119"
"340","CN14-077",2014,"Male","J",30,1,0,2,-0.093878360447507,"CN13-119"
"341","CN14-078",2014,"Female","J",30,0,0,0,-0.093878360447507,"CN13-055"
"342","CN14-079",2014,"Female","J",26,1,0,2,-0.479269735752853,"CN12-045"
"343","CN14-080",2014,"Female","J",28,1,0,2,-0.28657404810018,"CN13-057"
"344","CN14-081",2014,"Male","J",26,0,0,0,-0.479269735752853,"CN13-057"
"345","CN14-082",2014,"Female","J",21,1,0,2,-0.961008954884535,"CN13-016"
"346","CN14-084",2014,"Female","J",23,1,0,2,-0.768313267231862,"CN13-016"
"347","CN14-085",2014,"Male","J",31,0,0,0,0.00246948337882945,NA
"348","CN14-086",2014,"Female","J",27,0,0,0,-0.382921891926516,"CN13-016"
"349","CN14-087",2014,"Female","J",29,1,0,2,-0.190226204273843,NA
"350","CN14-088",2014,"Female","J",26,1,0,2,-0.479269735752853,"CN13-015"
"351","CN14-089",2014,"Female","J",25,1,0,2,-0.575617579579189,"CN12-033"
"352","CN14-090",2014,"Female","J",24,1,0,2,-0.671965423405526,"CN13-114"
"353","CN14-091",2014,"Female","J",29,0,0,0,-0.190226204273843,NA
"354","CN14-098",2014,"Male","A",32,0,1,1,0.0988173272051659,NA
"355","CN14-092",2014,"Female","J",23,0,0,0,-0.768313267231862,"CN12-045"
"356","CN14-093",2014,"Female","J",29,0,0,0,-0.190226204273843,"CN13-045"
"357","CN14-094",2014,"Female","J",26,1,0,2,-0.479269735752853,"CN13-044"
"358","CN14-096",2014,"Male","J",30,0,0,0,-0.093878360447507,"CN13-002"
"359","CN14-097",2014,"Female","J",35,0,0,0,0.387860858684175,"CN13-083"
"360","CN14-099",2014,"Female","J",26,1,0,2,-0.479269735752853,NA
"361","CN14-100",2014,"Male","J",28,0,0,0,-0.28657404810018,"CN13-065"
"362","CN14-101",2014,"Male","J",21,1,0,2,-0.961008954884535,"CN13-098"
"363","CN14-102",2014,"Male","J",18,0,0,0,-1.25005248636354,"CN13-114"
"364","CN14-103",2014,"Female","J",29,1,0,2,-0.190226204273843,"CN13-057"
"365","CN14-104",2014,"Female","J",27,1,0,2,-0.382921891926516,"CN13-112"
"366","CN14-107",2014,"Female","J",21,1,0,2,-0.961008954884535,"CN13-119"
"367","CN14-108",2014,"Male","J",24,0,0,0,-0.671965423405526,"CN13-066"
"368","CN14-110",2014,"Male","A",45,0,6,6,1.35133929694754,NA
