museum,Species,Registration No.,StudNo,c_w,SPP,wingflat_adjusted,age,HWI,repeat,P2-P3,Q1_adjusted,Q2_adjusted,Q3_adjusted,Q4_adjusted,Q5_adjusted,Q6_adjusted,Q7_adjusted,Q8_adjusted,Q9_adjusted,Q10_adjusted,tail length,alula length unflattened,culL,culW
SAMUS,BP,b20144,,w,BPw,104,1+,44.00961538,1,-2.13,63.46,71.87,74,69.27,58.75,51.32,45.28,39.79,34.48,29.58,,25,7.92,6.54
AMNH,BP,amnh623549,,w,BPw,126.04,1+,46.26309108,1,-1.61,84.76,92.39,94,86.12,77.33,67.24,58.65,50.33,45.13,39.32,118,27,,
AMNH,BP,amnh623552,,w,BPw,117.59,1+,48.50752615,1,-1.39,73.76,82.61,84,73.9,63.15,53.81,47.26,39.97,34.56,28.45,106,25,,
SAMUS,BP,b36536,,w,BPw,121,1+,47.33884298,1,-1.29,76.97,83.71,85,77.91,68.66,59.04,49.83,43.12,35.58,31.91,118,27,,7.7
SAMUS,BP,b25623,,w,BPw,121,1+,45.76033058,1,-1.04,74.72,83.96,85,76.36,65.04,57.44,48.82,43.08,36.65,31.96,109,26,10.16,8.12
SAMUS,BP,b11715,,w,BPw,118,1+,45.1779661,1,-1.02,75.69,82.98,84,75.11,65.83,55.8,48.58,42.04,36.81,31.79,110,25,10.97,8.01
SAMUS,BP,b31488,,w,BPw,121,1+,45.63636364,1,-0.71,74.78,82.29,83,74.28,62.66,54.52,48.3,41.48,36.63,31.35,111,28,10.05,7.45
SAMUS,BP,b20141,,w,BPw,122,1+,46.03278689,1,-0.38,71.22,81.62,82,73.6,64.23,53.88,46.2,39.7,34.87,28.51,120,26,10.98,7.42
SAMUS,BP,b31495,,w,BPw,111,1+,43.32432432,1,0,70.56,76,76,68.62,58.23,51.18,41.87,37.3,32.77,27.13,102,26,9.85,7.42
SAMUS,BP,b28516,,w,BPw,115,1+,45.26956522,1,0,74.39,81,81,68.32,61.33,52.64,46.25,40.87,34.51,26.8,106,26,,8.39
SAMUS,BP,b20153,,w,BPw,118,1+,44.02542373,1,0,75.39,83,83,73.77,65.17,56.38,50.84,45.14,38.57,34.18,109,24,12.02,7.5
SAMUS,BP,b31491,,w,BPw,119,1+,45.87394958,1,0,76.13,85,85,74.47,64.33,56.92,49.76,44.55,37.23,32.64,115,26,10.91,8.05
SAMUS,BP,b31489,,w,BPw,116.39,1+,45.27021222,1,0,75.33,82,82,73.35,62.8,56.72,48.07,41.58,36.38,30.64,111,28,10.48,7.86
SAMUS,BP,b31487,,w,BPw,118.88,1+,45.44078062,1,0,75.01,83,83,77.58,68.21,58.85,52.08,44.73,38.13,32.1,117,26,10.7,7.92
SAMUS,BP,b20150,,w,BPw,113,1+,44.73451327,1,0.36,78.57,83,82.64,74.65,63.33,53.04,45.48,40.93,36.03,32.43,109,25,9.51,7.18
SAMUS,BP,b20142,,w,BPw,115,1+,48.43478261,1,0.46,74.33,81,80.54,71.78,60.46,51.58,42.59,36.91,28.88,23.89,110,26,10.03,7.58
SAMUS,BP,b20148,,w,BPw,117,1+,47.53846154,1,0.5,73.75,84,83.5,75.93,64.13,54.71,47.81,41.84,34.81,32.22,116,28,10.16,7.37
SAMUS,BP,b57204,,w,BPw,111,1+,43.54954955,1,0.59,71.7,75,74.41,68.72,57.07,49.18,42.93,37,31.69,28.07,101,25,10.78,7.98
SAMUS,BP,b11814,,w,BPw,114,1+,43.84210526,1,0.88,72.71,81,80.12,72.68,61.65,53.82,46.93,41.06,34.85,30.17,104,25,9.86,7.5
SAMUS,BP,b31490,,w,BPw,115,1+,44.83478261,1,1.06,74.27,79,77.94,72.48,63.97,54.21,47.29,39.5,34.06,28.22,,27,10.72,7.71
SAMUS,BP,b20152,,w,BPw,109,1+,43.27522936,1,1.31,69.23,76,74.69,67.26,58.51,50.45,43.33,36.28,30.84,26.89,91,26,8.99,7.52
SAMUS,BP,b11714,,w,BPw,111,1+,42.57657658,1,1.75,70.79,76,74.25,68.41,59.19,51.01,44.5,38.21,34.5,30.21,92,24,10.46,7.32
SAMUS,BP,b20143,,w,BPw,113,1+,46.54867257,1,1.76,75.88,80,78.24,70.47,61.92,53.53,46.86,40.29,33.27,28.62,97,24,10.7,7.5
SAMUS,BP,b20151,,w,BPw,109,1+,43.48623853,1,1.77,69.19,75,73.23,66.13,57.37,48.21,40.74,34.47,29.17,25.23,88,22,9.82,7.57
SAMUS,BP,b20149,,w,BPw,119,1+,46.38655462,1,1.78,75.8,84,82.22,73.95,63.33,53.14,46.92,40.4,33.99,29.86,106,27,9.95,7.29
AMNH,BP,amnh188869,,w,BPw,118.02,1+,44.84833079,1,1.78,70.96,79,77.22,71.38,61.42,50.98,43.81,37.44,32.6,27.6,112,23,,
SAMUS,BP,b31494,,w,BPw,115,1+,48.64347826,1,1.8,70.21,78,76.2,68.06,55.03,47.92,38.8,33.75,29.36,24.87,105,26,10.91,7.7
SAMUS,BP,b49361,,w,BPw,117,1+,48.73504274,1,1.82,74.94,84,82.18,74.41,64.54,55.57,47.92,41.85,36.92,31.19,105,23,10.68,7.3
SAMUS,BP,b56152,,w,BPw,109,1+,43.83486239,1,2.51,71.99,77,74.49,66.54,58.73,51.37,44.15,38.18,32.88,26.93,92,26,10.2,7.82
AMNH,BP,amnh623553,,w,BPw,106.24,1+,45.07718373,1,2.65,68.63,74,71.35,63.06,55.29,47.21,41.62,34.06,29.91,24,97,22,,
SAMUS,BP,b20146,,w,BPw,115,1+,48.26086957,1,4.79,69.04,76,71.21,63.44,56.12,46.63,39.53,33.67,28.35,24,,25,10.51,6.99
SAMUS,BP,b57203,,w,BPw,112,1+,43.32142857,1,6.02,71.4,79,72.98,64.49,54.55,46.75,41.3,36.5,31.71,#VALUE!,106,25,10.48,7.66
SAMUS,BWP,b25438,,w,BWPw,105,1+,40.87619048,1,-2.51,70.06,71.49,74,67.82,58.6,51.47,45.24,39.2,35.13,30.44,104,29,,
SAMUS,BWP,b11604,,w,BWPw,102,1+,41.05882353,1,-2.08,65.17,66.92,69,59.45,51.26,43.64,37.52,32.57,27.62,24.69,103,25,,
SAMUS,BWP,b19944,,w,BWPw,107,1+,42.38317757,1,-1.4,62.61,69.6,71,61.16,52.77,45.46,39.56,34.15,30.91,27.13,109,29,,
SAMUS,BWP,b32586,,w,BWPw,100,1+,44.25,1,-1.06,64.4,68.94,70,60.69,54.24,46.3,40.53,35.16,30.88,26.5,105,27,,
VICMUS,BWP,b08253,,w,BWPw,108,1+,45.38888889,1,-0.83,70.13,71.17,72,62.92,54.11,45.96,39.63,34.71,28.64,24.88,,25,,
SAMUS,BWP,b33856,,w,BWPw,105.99,1+,41.81526559,1,-0.68,69.49,72.32,73,62.22,53.18,47.89,42.14,37.59,33.09,29.9,117,27,,
SAMUS,BWP,b20156,,w,BWPw,107.22,1+,42.42678605,1,-0.61,69.09,72.39,73,65.95,57.89,50.89,44.34,37.79,32.74,28.18,107,27,,
VICMUS,BWP,b5670,,w,BWPw,110,1+,44.5,1,-0.49,72.13,74.51,75,65.46,59.725,53.99,48.25,41.2,35.34,32.46,107,27,,
SAMUS,BWP,b4759,,w,BWPw,104,1+,41.91346154,1,0,67.84,71,71,62.23,54.62,47.75,41.36,34.34,29.94,26.7,105,29,,
VICMUS,BWP,b22189,,w,BWPw,113,1+,42.34513274,1,0.43,72.98,74,73.57,66.99,57.38,50.47,43.61,37.55,31.62,28.71,106,29,,
SAMUS,BWP,b25294,,w,BWPw,103.87,1+,41.72523346,1,0.49,70.31,71,70.51,61.87,53.76,47.52,41.09,35.35,32.04,30.13,104,26,,
VICMUS,BWP,b12234,,w,BWPw,105,1+,42.33333333,1,0.5,71.14,72,71.5,63.9,54.14,47.27,41.64,37.22,33.41,29.82,95,27,,
SAMUS,BWP,b25290,,w,BWPw,104.57,1+,39.8967199,1,0.52,72.23,74,73.48,64.36,56.76,49.31,43.17,38.31,33.97,28.37,103,28,,
SAMUS,BWP,b57208,,w,BWPw,102,1+,40.42156863,1,0.57,68.84,71,70.43,61.45,53.08,45.97,40.21,33.72,29.69,#VALUE!,112,28,,
SAMUS,BWP,b23456,,w,BWPw,98.59,1+,40.5517801,1,0.64,67.62,70,69.36,61.65,53.34,45.98,40.98,37.45,31.61,27.27,111,24,,
SAMUS,BWP,b37141,,w,BWPw,99,1+,40.24242424,1,0.64,66.81,68,67.36,61.13,54.05,48.14,41.11,36.025,30.94,26.37,,,,
SAMUS,BWP,b27611,,w,BWPw,108,1+,42.43518519,1,0.71,73.94,76,75.29,66.8,59.16,51.93,46.525,41.12,36.7,32.95,110,26,,
VICMUS,BWP,b14820,,w,BWPw,108,1+,43.7962963,1,0.78,71.14,72,71.22,63.11,53.66,46.98,40.92,35.4,32.43,27.77,108,28,,
VICMUS,BWP,b18269,,w,BWPw,113,1+,46.2920354,1,0.78,67.89,69.5,68.72,61.82,52.65,45.23,40.42,35.26,31.13,28.13,98,26,,
VICMUS,BWP,b18822,,w,BWPw,114,1+,45.35087719,1,0.79,72.82,75,74.21,65.71,54.89,47.1,41.28,37.17,33.99,30.49,,29,,
SAMUS,BWP,b30618,,w,BWPw,107,1+,43.90654206,1,0.81,69.62,73,72.19,63.71,56.04,48.14,41.06,36.78,31.94,27.96,106,25,,
SAMUS,BWP,b25289,,w,BWPw,103.62,1+,39.85717043,1,0.83,66.51,70,69.17,61.94,54.37,46.79,42.66,37.01,33.28,29.78,111,26,,
TMAG,BWP,b6105,,w,BWPw,107,1+,44.87850467,1,0.84,70.11,71.5,70.66,61.8,52.49,45.15,38.81,34.48,30.37,27.13,,28,,
VICMUS,BWP,b5661,,w,BWPw,112,1+,46.40178571,1,0.84,73.64,75,74.16,65.06,55.68,49.09,44.245,39.4,35.88,31.79,,29,,
SAMUS,BWP,b24563,,w,BWPw,101.5,1+,44.71921182,1,0.85,65.97,68,67.15,58.2,50.91,43.7,37.36,32.31,28.27,24.41,104,26,,
SAMUS,BWP,b31459,,w,BWPw,110,1+,42.07272727,1,0.85,74,74,73.15,65.67,56.84,48.29,43.35,38.94,33.21,30.28,116,29,,
SAMUS,BWP,b47332,,w,BWPw,104,1+,39.48076923,1,0.9,68.65,72,71.1,63.09,55.84,48.61,43.29,38.035,32.78,28.76,105,28,,
VICMUS,BWP,r8765,,w,BWPw,112,1+,46.45535714,1,0.9,71,72,71.1,61.99,53.34,46.55,39.8,34.24,29.6,23.94,108,28,,
SAMUS,BWP,b22000,,w,BWPw,97,1+,39.97938144,1,0.96,61.85,66,65.04,56.79,50.24,44.17,40.93,35.46,31.15,28.5,95,25,,
SAMUS,BWP,b2161,,w,BWPw,105,1+,43.95238095,1,1.07,68.78,71,69.93,60,51.5,43.8,38.51,33.24,30.15,26.43,101,28,,
VICMUS,BWP,b3384,,w,BWPw,108,1+,44.82407407,1,1.08,69.68,72,70.92,61.01,52.79,44.78,39.18,34.1,30.37,26.47,94,25,,
VICMUS,BWP,r6986,,w,BWPw,106,1+,42.48113208,1,1.15,68.17,70.5,69.35,64.07,56.84,48.86,43.58,37.295,31.01,27.18,104,24,,
VICMUS,BWP,b5660,,w,BWPw,102,1+,43.60784314,1,1.15,69.41,70,68.85,60.68,52.88,46.62,41.69,36.3,30.99,#VALUE!,101,23.5,,
SAMUS,BWP,b22912,,w,BWPw,107,1+,42.57943925,1,1.23,76,76,74.77,67.52,57.69,50.93,45.47,39.66,36.69,30.95,107,28,,
VICMUS,BWP,b35,,w,BWPw,107,1+,45.90654206,1,1.26,70.33,72,70.74,64.18,55.94,48.56,41.49,36.4,32.54,28.72,102,25,,
VICMUS,BWP,b12301,,w,BWPw,104,1+,46.19230769,1,1.26,66.36,69,67.74,58.53,50.06,42.92,37.43,33.98,29.7,26.69,,,,
VICMUS,BWP,b18268,,w,BWPw,107,1+,45.64485981,1,1.34,69.31,71,69.66,59.99,52.33,44.39,38.94,34.52,28.82,24.6,98,26,,
VICMUS,BWP,b5664,,w,BWPw,108,1+,43.19444444,1,1.36,69.42,72,70.64,62.51,54.64,47.25,41.36,36.84,32.24,28.95,101,26,,
VICMUS,BWP,b5663,,w,BWPw,108,1+,45.44444444,1,1.55,71.22,74,72.45,65.23,56.36,47.89,39.13,35.54,32.72,29.4,102,25.5,,
VICMUS,BWP,b5669,,w,BWPw,111,1+,45.59459459,1,1.59,63.67,68,66.41,58.6,48.26,41.34,34.89,30.8,26.18,22.35,99,26,,
SAMUS,BWP,b57206,,w,BWPw,112,1+,43.02678571,1,1.64,75.41,78,76.36,67.07,58.87,54.97,46.19,40.45,35.88,30.32,110,27,,
VICMUS,BWP,b5662,,w,BWPw,111,1+,48.69369369,1,1.65,71.41,73,71.35,63.39,54.74,46.7,41.41,36.28,32.77,28.74,104,26,,
SAMUS,BWP,b57212,,w,BWPw,104,1+,44.29807692,1,2.16,67.88,72,69.84,61.9,53.23,47.65,41.45,36.59,29.965,23.34,106,27,,
SAMUS,BWP,b31608,,w,BWPw,105,1+,45.19047619,1,2.31,70.78,73,70.69,63.72,56,48.73,42.92,39.36,34.49,30.47,103,24,,
SAMUS,BWP,b57213,,w,BWPw,110,1+,42.81818182,1,2.45,70.71,73,70.55,63.01,54.27,47.04,40.185,33.33,32.03,29.68,111,29,,
VICMUS,BWP,b23896,,w,BWPw,105,1+,43.45714286,1,2.79,69.74,71,68.21,60.96,53.82,47.31,41.68,37.31,33.66,30.58,106,25,,
SAMUS,EP,b30282,,w,EPw,104,1+,41.44230769,1,-1.82,65.06,68.18,70,60.63,52.05,44.06,38.17,33.38,29.58,26.62,108,26,,
SAMUS,EP,b4393,,w,EPw,107,1+,42.99065421,1,-0.4,72.98,73.6,74,64.58,60.53,55.85,47.53,39.52,35.78,31.8,,26,,
SAMUS,EP,b32290,,w,EPw,104,1+,42.54807692,1,0,68.43,72,72,63.25,53.72,48.47,42.04,37.8,33.4,28.64,121,27,,
SAMUS,EP,b21999,,w,EPw,106,1+,42.24528302,1,0.27,67.68,71,70.73,63.64,55.56,46.9,41.05,35.88,32.59,28.2,,27,,
SAMUS,EP,w1737,,w,EPw,102,1+,42.76470588,1,0.44,67.17,69,68.56,60.88,51.44,44.58,39.33,34.8,30.71,27.66,114,23,,
SAMUS,EP,b22926,,w,EPw,98.55,1+,41.09589041,1,0.52,63.23,65,64.48,57.12,50.75,45.49,37.9,33.768,29.61,25.95,116,25,,
SAMUS,EP,b22925,,w,EPw,107,1+,40.65420561,1,0.53,72.5,74,73.47,66.46,58.25,50.26,45.23,37.51,34.46,30.15,127,28,,
SAMUS,EP,b32487,,w,EPw,108,1+,42.69444444,1,0.58,71.36,74,73.42,64.2,55.55,48.43,42.3,38.22,33.2,29.28,127,25,,
SAMUS,EP,b2329,,w,EPw,104,1+,41.59615385,1,0.84,67.03,70,69.16,60.72,52.28,42.98,40.54,34.79,30.76,27.94,120,24,,
SAMUS,EP,b57218,,w,EPw,109,1+,41.21100917,1,0.86,73.01,74,73.14,64.11,56.23,47.77,37.77,35.38,32.99,29.29,131,26,,
SAMUS,EP,b27319,,w,EPw,110,1+,43.50909091,1,0.89,72.47,75,74.11,65.11,56.49,49.27,42.04,37.94,34.02,30.2,123,30,,
SAMUS,EP,b4388,,w,EPw,109,1+,41.24770642,1,0.91,72.78,77,76.09,67.11,58.44,51.58,46.03,40.43,#VALUE!,#VALUE!,121,26,,
SAMUS,EP,b36187,,w,EPw,100,1+,40.29,1,0.91,70,70,69.09,61.59,52.42,46.05,40.84,36.97,31.83,29.93,,24,,
SAMUS,EP,b4394,,w,EPw,105,1+,40.73333333,1,0.95,72.52,74,73.05,66.91,54.74,50.12,44.89,40.89,36.62,33.65,,27,,
SAMUS,EP,b22930,,w,EPw,108,1+,42.66666667,1,1.11,72.23,74,72.89,65.36,56.39,49.62,42.6,38.79,34.56,30.05,126,25,,
SAMUS,EP,b4389,,w,EPw,102,1+,39.50980392,1,1.13,65.43,68,66.87,60.81,53.36,46.1,39.92,33.77,29.43,25.6,116,24,,
SAMUS,EP,b31159,,w,EPw,110,1+,42.85454545,1,1.13,70.54,73,71.87,62.97,53.95,47.97,42.3,37.58,32.29,29.35,122,25,,
SAMUS,EP,b22929,,w,EPw,107,1+,40.78504673,1,1.2,68.68,71,69.8,61.64,53.01,44.49,38.69,33.92,30.22,26.67,106,28,,
SAMUS,EP,b57217,,w,EPw,106,1+,41.88679245,1,1.26,67.62,69,67.74,60.08,51.69,43.46,37.75,32.54,29.48,26.53,112,24,,
SAMUS,EP,b28294,,w,EPw,107,1+,42.52336449,1,1.3,67.06,70,68.7,60.1,51.92,44.25,38.83,33.57,29.17,25.63,110,23,,
SAMUS,EP,b34124,,w,EPw,103.72,1+,39.9633629,1,1.37,70.1,72,70.63,63.49,55.1,46.93,41.9,36.87,34.04,30.88,112,25,,
SAMUS,EP,b34123,,w,EPw,104,1+,40.04807692,1,1.38,68.92,71,69.62,62.28,52.96,45.22,39.65,36,31.96,27.57,120,25,,
SAMUS,EP,b22924,,w,EPw,106,1+,43.03773585,1,1.56,68.8,72,70.44,64.33,56.23,49.56,41.28,36.53,32.82,29.09,111,25,,
SAMUS,EP,b57216,,w,EPw,99.45,1+,44.41427853,1,1.58,66,69,67.42,59.88,52.54,45.27,39.31,36.06,31.5,28.62,105,24,,
SAMUS,EP,b3152,,w,EPw,100,1+,41.88,1,1.65,66.89,68,66.35,59.76,51.02,44.71,39,32.97,30.13,27.18,113,22,,
SAMUS,EP,b22927,,w,EPw,104.48,1+,41.83575804,1,1.69,68.2,70,68.31,61.83,54.98,47.08,42.13,37.21,32.98,28.8,116,25,,
SAMUS,EP,b26072,,w,EPw,106,1+,41.29245283,1,1.77,71.1,73,71.23,62.54,53.86,46.02,41.08,36.84,32.47,28.59,124,26,,
SAMUS,EP,b4391,,w,EPw,101,1+,42.63366337,1,1.8,65.34,68,66.2,58.5,52.1,44.18,38.73,33.57,30.03,25.97,112,22,,
SAMUS,EP,b32289,,w,EPw,107,1+,42.41121495,1,2.08,70.9,72,69.92,63.66,53.84,46.05,40.58,35,31.95,27.42,129,27,,
SAMUS,EP,b27317,,w,EPw,105,1+,43.53333333,1,3.18,70.59,72,68.82,59.54,50.36,41.58,37.05,33.51,30.57,27.31,116,25,,
Healesville,OBP,b40006,1746,c,OBPc,102,1+,,1,-3.45,71.42,73.55,77,70.14,60.96,54.05,42.81,38.04,34.27,30.88,97,24,10.02,7.15
TMAG,OBP,b9191,,c,OBPc,112,1+,47.16964286,1,-3.03,74.79,77.47,80.5,73.8,63.38,54.54,48.42,43.71,38.595,33.48,114,27,,
Healesville,OBP,b81769,2738,c,OBPc,109,1+,45.99082569,1,-1.96,74.74,75.04,77,68.45,58.89,51.45,45.22,39.93,35.25,31.95,91,28,,
DPIPWE,OBP,,,c,OBPc,105.02,,,1,-1.76,71.47,74.24,76,68.82,60.36,52.49,47.2,38.16,33.62,28.98,108,25,10.48,6.24
DPIPWE,OBP,13505,155,c,OBPc,100,1+,41.81,1,-1.73,73.11,74.27,76,69.38,60.79,52.39,47.1,43.46,38.09,#VALUE!,110,29,10.48,7.01
DPIPWE,OBP,17065,,c,OBPc,102,1+,42.37254902,1,-1.71,71.34,73.29,75,66.78,58.53,52.59,44.6,38.13,34.92,30.53,105,28,10.63,6.69
DPIPWE,OBP,13543,154,c,OBPc,103,1+,40.89320388,1,-1.57,76.69,78.43,80,71.44,63.73,56.22,50.85,44.2,39.64,36.77,,27,11.16,6.71
DPIPWE,OBP,,,c,OBPc,100,,,1,-1.45,71.67,73.55,75,69.06,60.94,52.73,45.99,38.33,33.56,29.66,107,28,11.35,6.32
Healesville,OBP,b30992,,c,OBPc,111,1+,44.90990991,1,-1.42,75.26,75.58,77,68.5,59.84,52.94,46.31,40.88,36.04,33.32,,29,11.27,6.31
DPIPWE,OBP,17744,927,c,OBPc,105,1+,43.71428571,1,-1.13,75.97,78.87,80,70.85,63.29,54.94,49.38,43.74,40.03,35.86,109,28,,
DPIPWE,OBP,,,c,OBPc,108.41,,,1,-1.12,76.84,78.88,80,71.21,62.95,54.46,49.19,43.89,35.14,29.85,102,28,10.13,6.55
Healesville,OBP,b20020,1496,c,OBPc,110,1+,46.97272727,1,-1.11,77.33,78.89,80,71.59,60.89,52.04,45.18,40.37,36.22,32.37,110,30,11.55,6.73
Healesville,OBP,b30888,1763,c,OBPc,103,1+,47.22330097,1,-1.1,70.58,73.9,75,67.65,57.28,48.98,42.7,36.95,33.96,29.5,95,26,10.84,6.56
DPIPWE,OBP,,762,c,OBPc,103,1+,42.21359223,1,-1.06,71.83,74.94,76,69.32,61.39,52.79,47.29,41.2,37.27,33.77,102,29,11.06,6.4
Healesville,OBP,a40063,753,c,OBPc,106,1+,44.28301887,1,-1.05,72.64,74.95,76,67.82,59.83,51.45,46.31,40.11,34.58,31.05,,,11.78,6.75
Healesville,OBP,b30919,1776,c,OBPc,105.41,1+,42.88018215,1,-1.05,73.42,74.95,76,67.93,58.8,51.1,45.6,40.98,36.64,33.06,100,29,11.28,6.81
DPIPWE,OBP,17620,837,c,OBPc,101.5,1+,41.18226601,1,-1.02,72.35,75.98,77,65.88,60.47,52.95,45.85,40.86,34.96,32.86,,27,,
TMAG,OBP,b9175,633,c,OBPc,110,1+,47.27272727,1,-1.02,74.77,76.98,78,71.2,63.31,55.42,48.4,44.6,40.3,36.9,112,28,,
DPIPWE,OBP,17714,,c,OBPc,104.3,1+,40.89165868,1,-1,72.29,75,76,69.32,61.62,53.44,47.12,42.67,38.17,32.88,112,29,12.25,6.41
TMAG,OBP,b9173,,c,OBPc,111,1+,44.94545455,1,-1,74.1,76,77,67.7,59.5,53.3,46.5,43.1,37.7,34.7,104,31,,
Healesville,OBP,b10747,1344,c,OBPc,110,1+,46.48181818,1,-0.96,71.62,74.04,75,65.12,56.89,52.07,43.87,40.16,34.23,26.89,107,31,,
Healesville,OBP,a41351,802,c,OBPc,106,1+,44.56603774,1,-0.94,72.93,75.06,76,68.03,57.97,50.77,42.13,37.14,32.72,29.21,104,29.5,11.56,6.82
Healesville,OBP,970704,176,c,OBPc,104,1+,,1,-0.91,74.41,78.09,79,70.47,61.14,54.35,48.27,42.5,38.61,32.78,106,28,,
Healesville,OBP,a91808,1272,c,OBPc,102,1+,,1,-0.85,70.64,72.15,73,66.27,58.37,51.83,45.8,40.1,35.16,30.98,96,28,11.26,7.2
Healesville,OBP,b20836,1558,c,OBPc,109,1+,,1,-0.81,78,77.19,78,70.46,62.11,54.725,47.34,41.85,38.23,31.65,106,30,11.88,7.37
Healesville,OBP,b20780,1538,c,OBPc,112,1+,45.03571429,1,-0.78,77.54,81.22,82,71.36,62.32,54.66,48.74,43.03,39.23,35.11,108,30,11.16,6.83
DPIPWE,OBP,13635,768,c,OBPc,101.21,1+,44.17547673,1,-0.76,74.19,76.24,77,68.97,62.43,54.49,47.09,43.89,39.26,34.94,,28,,
Healesville,OBP,b50294,1600,c,OBPc,104,1+,44.64423077,1,-0.74,71.85,75.26,76,68.21,58.31,50.35,45.65,41.01,36.8,32.83,103,28,9.99,6.8
Healesville,OBP,b30957,1794,c,OBPc,106,1+,45.28301887,1,-0.73,74.35,77.27,78,71.51,61.72,53.02,47.02,43.53,38.29,33.47,100,28,10.93,6.87
Healesville,OBP,b10755,1400,c,OBPc,106,1+,43.67924528,1,-0.6,74.1,77.4,78,69.7,61.88,54.58,48.34,43.5,38.52,34.46,112,29,10.07,7.17
DPIPWE,OBP,9828,84,c,OBPc,105,1+,42.64761905,1,-0.57,67.86,69.43,70,62.29,53.55,47.94,41.52,35.16,30.5,25.77,110,28,11.34,6.71
TMAG,OBP,b9177,,c,OBPc,109,1+,44.68224299,1,-0.56,71.1,74.44,75,68.33,59.72,52.82,46.77,41.77,37.17,33.64,105,27,,
Healesville,OBP,b10752,1350,c,OBPc,112,1+,47.04464286,1,-0.46,78.79,81.54,82,74.26,63.05,56.01,49.81,44.22,40.4,36.36,103,32,11.7,7.07
Healesville,OBP,a51298,878,c,OBPc,108,1+,43.75925926,1,-0.43,71.19,78.57,79,69.9,61.31,52.72,44.24,40.33,36.43,33.66,90,27,11.4,6.88
DPIPWE,OBP,,636,c,OBPc,106,1+,39.90566038,1,-0.4,75.1,78.6,79,64.2,61.57,53.32,46.29,42.29,38.22,35.25,108,28,10.02,6.3
TMAG,OBP,b9192,631,c,OBPc,108,1+,44.77777778,1,-0.37,72.96,75.63,76,68.45,60.9,52.94,44.98,40.08,35.44,31.83,,27,,
Healesville,OBP,b70015,2274,c,OBPc,114,1+,44.03508772,1,-0.27,78.51,81.73,82,74.15,64.57,57.69,49.97,44.48,38.99,35.51,104,31,,
DPIPWE,OBP,13839,236,c,OBPc,102,1+,41.84313725,1,0,73.95,78,78,68.22,60.34,54.02,49.52,43.59,39,36.49,102,29,10.64,6.71
Healesville,OBP,a01327,478,c,OBPc,105,1+,,1,0,74.43,77,77,67.32,58.82,50.88,45.51,41.09,36.3,#VALUE!,,29,,
Healesville,OBP,a41279,787,c,OBPc,104,1+,,1,0,76.28,79,79,71.51,62.58,55.6,50.135,44.67,42.05,36.84,105,27,10.21,7.33
Healesville,OBP,a50209,836,c,OBPc,105.42,1+,,1,0,74.39,78,78,68.62,61.05,52.82,48.3,42.19,38.77,35.05,107,29,10.38,6.66
Healesville,OBP,a51324,884,c,OBPc,103,1+,42.7184466,1,0,76.06,78,78,70.82,63.35,56.23,51.06,45.9,42.1,36.84,103,30,10.84,6.69
Healesville,OBP,a51329,891,c,OBPc,105,1+,43.63809524,1,0,76.49,79,79,70.18,61.73,54.67,49.83,44.39,40.04,37.17,96,31,,
Healesville,OBP,b01138,1239,c,OBPc,103,1+,41.94174757,1,0,71.36,74,74,65.28,57.06,50.12,43.59,37.24,33.31,28.47,109,28,10.94,7.03
Healesville,OBP,b00161,1295,c,OBPc,102,1+,41.46078431,1,0,70.21,74,74,65.39,56.67,50.17,43.75,39.58,35.59,30.88,103,27,11.27,6.19
Healesville,OBP,b01761,1354,c,OBPc,106,1+,43.16981132,1,0,75.73,78,78,70.1,61.5,53.94,47.4,42.22,38.28,35.15,111,28,11.1,6.95
Healesville,OBP,b01807,1363,c,OBPc,99.85,1+,,1,0,71.04,74,74,66.88,57.65,50.15,45.2,40.42,35.88,33.41,96,26,10.7,7.1
Healesville,OBP,b10099,1384,c,OBPc,100,1+,42.59,1,0,70.45,74,74,66.02,58.13,52.08,44.76,39.5,36.67,74,93,25,,
Healesville,OBP,b20507,1438,c,OBPc,99,1+,44.17171717,1,0,71.98,74,74,65.14,56.32,50.52,45.21,39.74,36.04,30.95,100,27,,
Healesville,OBP,b20006,1446,c,OBPc,102,1+,42.44117647,1,0,72.6,75,75,68.37,58.12,50.73,44.4,38.31,34.66,30.53,99,27,10.58,6.81
Healesville,OBP,b20058,1505,c,OBPc,103,1+,41.26213592,1,0,73.46,78,78,71.64,63.1,56.32,49.67,44.21,40.58,36.96,103,28,10.34,6.77
Healesville,OBP,b40379,1823,c,OBPc,99.39,1+,40.70832076,1,0,72.44,75,75,69.26,63.25,55.54,47.13,40.19,35.42,31.4,110,26,,
Healesville,OBP,a60818,,c,OBPc,99.69,1+,,1,0,73.45,76,76,70.94,62.46,54.62,43.56,39.21,36.1,32.45,,26,11.14,6.49
Healesville,OBP,a11558,,c,OBPc,107,1+,,1,0,76.51,79,79,71.68,61.23,53.665,46.1,41.03,37.36,33.74,108,25,10.16,6.69
DPIPWE,OBP,,148,c,OBPc,106.7,1+,43.30834114,1,0,73.56,76,76,67.38,59.72,49.92,43.51,38.14,33.29,27.57,104,29,11.1,6.47
DPIPWE,OBP,,257,c,OBPc,102,1+,38.92156863,1,0,74.77,79,79,69.91,61.22,52.7,48.1,42.51,38.01,34.52,101,28,10,6.15
DPIPWE,OBP,,773,c,OBPc,100,1+,42.53,1,0,71.29,75,75,65.94,57.83,50.43,44.55,40.25,35.05,31.68,95,25,9.6,6.49
DPIPWE,OBP,,1167,c,OBPc,103,1+,43.95145631,1,0,72.69,77,77,69.61,61.72,55.25,49.58,45.64,41.25,36.4,,29,,
DPIPWE,OBP,,1230,c,OBPc,106,1+,42.99056604,1,0,72.61,75,75,67.61,60.65,52.01,46.38,40.46,36.1,33.01,102,27,,6.57
DPIPWE,OBP,,,c,OBPc,110,,,1,0,79.41,82,82,74.33,64.75,56.35,49.97,44.12,42.33,40.26,114,31,12.11,6.58
DPIPWE,OBP,,,c,OBPc,102.45,,,1,0,71.02,73,73,65.21,57.27,50.14,44.15,37.74,34.11,30.15,,26,11.03,7.08
DPIPWE,OBP,,,c,OBPc,106,,,1,0,75.68,78.5,78.5,71.59,62.58,54.7,48.88,43.92,39.19,34.86,110,30,10.48,6.43
DPIPWE,OBP,,,c,OBPc,98,,,1,0,71.85,75,75,64.62,58.93,51.91,44.74,41.48,36.66,32.74,,29,,
DPIPWE,OBP,13647,265,c,OBPc,96.47,1+,39.8258526,1,0.37,69.46,74,73.63,60.83,59.16,50.79,42.79,39.23,37.81,32.32,,27,10.1,6.69
Healesville,OBP,b60020,2116,c,OBPc,110,1+,44.59090909,1,0.41,75.15,77,76.59,68.54,60.91,52.01,45.96,40.81,36.39,33.15,110,27,10.5,6.87
DPIPWE,OBP,13671,272,c,OBPc,101.5,1+,42.74876847,1,0.42,71.66,74,73.58,65.07,58.94,51.2,45.17,38.82,35.2,30.94,104,26,10.55,6.42
Healesville,OBP,a51357,895,c,OBPc,105,1+,39.48571429,1,0.42,76.04,79,78.58,71.13,61.35,53.22,45.83,42.34,#VALUE!,#VALUE!,115,31,11.09,6.79
TMAG,OBP,b9186,1098,c,OBPc,108,1+,45.87962963,1,0.42,66.2,70,69.58,63.05,54.36,47.58,42.07,38.29,33.6,29.96,107,26,,
DPIPWE,OBP,,,c,OBPc,103,,,1,0.43,76.32,80,79.57,72.03,64.31,57.19,51.07,46.71,42.48,37.38,114,29,,
Healesville,OBP,b20010,1449,c,OBPc,102.24,1+,41.51995305,1,0.48,71.22,74,73.52,66.04,56.83,48.36,42.42,38.22,33.5,30.13,95,27,,
Healesville,OBP,a51297,881,c,OBPc,102,1+,,1,0.5,75.12,76,75.5,70.61,61.21,54.41,45.9,40.96,37.23,32.92,115,28,11.53,6.85
Healesville,OBP,b50488,2104,c,OBPc,108,1+,43.72222222,1,0.5,74.47,78,77.5,69.8,59.52,51.78,46.51,41.74,37.13,33.42,106,29,10.57,6.73
Healesville,OBP,a71453,1056,c,OBPc,112,1+,,1,0.51,82.67,85,84.49,75.93,66.68,59.36,52.58,45.99,42.56,37.57,113,30,,
DPIPWE,OBP,a90058,1198,c,OBPc,106,1+,41.88679245,1,0.51,74.38,78,77.49,71.04,62.47,54.27,48.45,44.15,38.83,34.33,103,,,
DPIPWE,OBP,,,c,OBPc,104,,,1,0.56,68.24,70,69.44,61.6,53.96,47.02,40.92,34.82,29.55,23.45,,29,11.71,6.38
Healesville,OBP,b50476,2102,c,OBPc,110,1+,45.86363636,1,0.61,75.54,77.5,76.89,69.83,60.12,51.61,45.19,39.02,36.53,31.77,96,28,11.88,7.09
DPIPWE,OBP,13492,772,c,OBPc,103.22,1+,42.31738035,1,0.64,74.61,77,76.36,68.85,60.25,53.02,46.66,41.25,37.53,33.56,105,27,11.46,6.36
Healesville,OBP,b20769,1531,c,OBPc,109,1+,41.87155963,1,0.64,76.43,80,79.36,71.9,62.22,53.8,46.34,42.375,38.41,33.99,109,30,11.05,7
Healesville,OBP,b40704,1856,c,OBPc,106,1+,43.33018868,1,0.64,74.6,77,76.36,68.89,61.25,51.38,43.91,38.51,34.83,32.99,103,28,10.98,7.19
Healesville,OBP,b00074,1291,c,OBPc,103,1+,41.69902913,1,0.66,70.81,75,74.34,67.64,58.54,52.7,46.06,39.8,35.96,32.11,103,27,,6.85
Healesville,OBP,b30068,1578,c,OBPc,105,1+,47.72380952,1,0.67,75,75,74.33,68.68,57.89,52.23,46.12,41.43,36.58,33.12,107,29,11.29,6.39
Healesville,OBP,a21416,649,c,OBPc,107,1+,44.99065421,1,0.69,71.28,76,75.31,67.8,60.23,51.7,44.14,38.76,36.07,32.29,104,28,11.9,6.94
Healesville,OBP,b70996,2520,c,OBPc,106,1+,46.86792453,1,0.73,67.46,71,70.27,61.99,52.46,44.93,38.42,33.5,28.93,24.75,92,29,,
Healesville,OBP,b40713,1864,c,OBPc,111,1+,45.63963964,1,0.74,69.39,73,72.26,64.77,55.44,48.68,38.51,36.6,32.17,27.65,107,30,12.4,6.69
Healesville,OBP,b06121,,c,OBPc,100,1+,,1,0.76,70.17,72,71.24,66.49,58.58,51.06,42.98,38.22,34.92,30.9,95,25,11.8,6.4
DPIPWE,OBP,,,c,OBPc,106,,,1,0.77,71.08,73,72.23,63.95,55.2,47.71,40.89,36.17,32.03,26.56,102,29,10.84,6.67
TMAG,OBP,b9183,,c,OBPc,112,1+,45.98214286,1,0.78,73.51,75,74.22,67.38,56.89,48.92,42.32,38.04,32.84,28.97,104,28,,
DPIPWE,OBP,,,c,OBPc,101.35,,,1,0.82,72.73,75,74.18,66.47,57.73,50.49,45.36,42.16,36.91,31.62,103,28,,
Healesville,OBP,b40755,1906,c,OBPc,108,1+,44.92592593,1,0.83,76.56,79,78.17,72.16,63.94,57.01,49.13,42.78,37.83,32.93,109,28,12.23,7.17
Healesville,OBP,b40712,1863,c,OBPc,106,1+,43.89622642,1,0.84,71.88,75,74.16,66.13,58.78,48.83,42.07,37.02,33.19,30.57,99,26,10.58,6.43
Healesville,OBP,b30956,1793,c,OBPc,108,1+,44.75,1,0.86,73.36,76,75.14,66.36,58.98,49.84,43.81,39.54,35.03,31.13,110,30,11.44,6.83
DPIPWE,OBP,10219,324,c,OBPc,106.8,1+,43.89513109,1,0.87,74.91,78,77.13,69.2,61.17,55.04,49.42,45.17,40.1,33.78,,29,11.35,6.78
DPIPWE,OBP,,229,c,OBPc,103,1+,40.33980583,1,0.9,74.62,77,76.1,68.44,60.02,54.11,47.35,43.9,40.62,38.18,,28,10.03,6.41
TMAG,OBP,b9194,,c,OBPc,108,1+,46.64814815,1,0.92,73.35,77,76.08,68.42,59.21,52.46,45.72,42.42,37.83,34.43,105,27.5,,
DPIPWE,OBP,,,c,OBPc,106,,,1,0.92,70.24,74,73.08,64.3,55.6,49.2,42.69,38.29,33.22,29.41,110,29,10.43,6.34
Healesville,OBP,b00073,1290,c,OBPc,98.91,1+,40.6430088,1,0.94,68.99,71,70.06,62.12,54.08,47.06,42.13,37.7,33.2,29.36,97,26,9.75,6.38
Healesville,OBP,b30989,1805,c,OBPc,112,1+,43.64285714,1,0.94,79.12,81,80.06,71.42,61.68,53.66,47.77,44.5,40.22,36.55,110,32,11.45,6.67
Healesville,OBP,b20911,,c,OBPc,110,1+,45.47272727,1,0.96,73.69,77,76.04,68.44,59.54,52.29,47.36,40.87,37.27,34.02,109,29.5,11.6,7.24
Healesville,OBP,b81866,2751,c,OBPc,116,1+,45.57758621,1,0.99,78.87,81,80.01,72.59,62.24,53.62,46.03,40.68,36.08,32.47,106,31,11.98,7.12
TMAG,OBP,b9180,,c,OBPc,110,1+,44.04545455,1,1.01,74.33,76,74.99,69.38,60.7,51.28,43.03,38.43,34.5,30.3,115,29,,
DPIPWE,OBP,,618,c,OBPc,105,1+,41.2952381,1,1.04,75.7,80,78.96,72.4,63.1,56.57,51.46,45.56,40.39,#VALUE!,106,26,,
TMAG,OBP,b9197,,c,OBPc,111,1+,45.87387387,1,1.05,73.97,77,75.95,68.99,59.3,52.39,47.22,41.85,36.44,33.1,108,27,,
DPIPWE,OBP,,636,c,OBPc,107,1+,39.90566038,1,1.06,62.99,68,66.94,59.28,49.85,43.1,36.8,32.35,23.32,20.25,108,31,10.04,60.08
Healesville,OBP,a91771,1269,c,OBPc,106,1+,43.37735849,1,1.08,74.77,78,76.92,68.94,59.64,53.37,46.83,42.31,36.76,32.22,114,27,12.04,6.56
DPIPWE,OBP,,,c,OBPc,101,,,1,1.08,73.12,75,73.92,66.18,58.78,51.98,45.49,37.46,32.29,#VALUE!,106,29,11.32,6.88
DPIPWE,OBP,A80064,859,c,OBPc,102,1+,43.67647059,1,1.09,76.09,79,77.91,69.13,59.45,52.12,47.23,42.47,38.92,33.87,109,30,,
Healesville,OBP,b40713,1864,c,OBPc,108,1+,45.63963964,1,1.09,73.44,76,74.91,68.42,59.47,52.02,45.51,39.96,35.65,29.71,104,29,12.39,7.12
DPIPWE,OBP,13658,267,c,OBPc,103.6,1+,43,1,1.1,72.62,76,74.9,67.93,60.84,53.51,47.69,43.58,38.76,33.54,108,28,11.37,6.61
Healesville,OBP,b40749,1902,c,OBPc,107,1+,45.3364486,1,1.12,71.78,74,72.88,65.12,56.28,49.29,43.42,38.46,34.99,27.29,,28,11.33,6.7
DPIPWE,OBP,,235,c,OBPc,106.12,1+,42.35770825,1,1.14,75.01,79,77.86,69.36,61.96,53.99,47.59,42.13,38.8,34.57,,27,,
Healesville,OBP,a71491,1067,c,OBPc,104.2,1+,42.0537428,1,1.18,73.61,76,74.82,66.04,57.55,49.67,44.42,39.57,36.04,33.76,108,27,,
DPIPWE,OBP,,,c,OBPc,101,,,1,1.18,68.01,71,69.82,62.82,52.53,46.17,40.41,36.01,32.81,26.22,104,26,9.38,6.7
Healesville,OBP,b30977,1802,c,OBPc,103,1+,44.55339806,1,1.25,70.32,72,70.75,62.31,53.71,45.98,39.62,34.44,30.18,26.84,83,26,10.57,6.66
Healesville,OBP,b40427,1836,c,OBPc,109,1+,43.42201835,1,1.27,75.75,79,77.73,77.29,60.46,53.39,47.08,40.43,35.76,31.86,107,28,11.38,6.7
Healesville,OBP,b00101,1292,c,OBPc,112,1+,45.91071429,1,1.31,75.06,78,76.69,76.87,59.78,52.82,46.81,38.82,34.36,29.9,110,30,10.67,6.61
TMAG,OBP,b9193,,c,OBPc,103,1+,48.40776699,1,1.31,69.84,72,70.69,64.52,55.06,48.51,42.17,37.96,34.69,30.77,93,26,,
Healesville,OBP,b01804,1360,c,OBPc,96,1+,43.17708333,1,1.32,63.2,67,65.68,57.58,49.63,41.52,36.98,31.27,27.46,24.42,,,,6.03
DPIPWE,OBP,17159,919,c,OBPc,104,1+,44.82692308,1,1.37,70.43,76,74.63,64.8,58.9,51.34,45.84,41.52,35.55,#VALUE!,102,28,10.87,6.59
Healesville,OBP,a81707,1207,c,OBPc,111,1+,48.18018018,1,1.38,72.75,76,74.62,65.42,58.03,50.09,43.99,38.77,34.64,30.34,109,31,12.27,7.17
Healesville,OBP,a71674,1091,c,OBPc,107,1+,42.14953271,1,1.4,76.25,80,78.6,70.92,61.82,54.93,47.87,43.81,39.46,34.72,112,29,10.44,7.4
DPIPWE,OBP,13815,227,c,OBPc,103,1+,43.11650485,1,1.43,74.86,78,76.57,68.25,59.18,51.85,45.31,40.37,36.96,32.13,107,28,11.28,6.04
Healesville,OBP,b10089,1383,c,OBPc,107,1+,,1,1.48,76.14,79,77.52,69.64,60.21,51.3,44.45,39.31,35.27,32.17,99,26,10.7,6.73
Healesville,OBP,b40425,1656,c,OBPc,106,1+,41.9245283,1,1.48,77,77,75.52,67.795,60.07,53.73,47.14,41.77,37.39,#VALUE!,106,30,12.13,6.27
DPIPWE,OBP,,765,c,OBPc,101,1+,42.71287129,1,1.54,72.47,76,74.46,65.73,57.45,49.96,44.71,41.16,37.89,32.92,96,27,,
DPIPWE,OBP,10016,106,c,OBPc,105.71,1+,42.73011068,1,1.55,78,78,76.45,67.655,58.86,55.57,46.2,41.92,36.34,35.1,99,29,10.69,6.47
TMAG,OBP,b9189,,c,OBPc,113,1+,46.28318584,1,1.56,76.11,79.5,77.94,70.71,61.55,52.59,43.98,41.42,35.99,31.79,110,32,,
Healesville,OBP,a70905,1047,c,OBPc,101,1+,41.20792079,1,1.58,76.34,79,77.42,70.23,61.97,54.13,48.04,43.72,37.95,35.15,,27,11.69,7.31
DPIPWE,OBP,,885,c,OBPc,107,1+,47.58878505,1,1.58,74.27,77,75.42,69.44,58.76,52.2,46.97,40.94,34.75,30.43,109,29,10.64,6.71
DPIPWE,OBP,17643,841,c,OBPc,105.3,1+,40.82621083,1,1.6,75.5,79,77.4,71.1,60.56,53.26,45.76,41.2,36.15,32.3,112,29,11.35,6.51
Healesville,OBP,a51287,871,c,OBPc,102,1+,,1,1.65,72.03,75,73.35,66.24,57.47,51.12,45.26,40.8,35.91,32.05,101,26,,
DPIPWE,OBP,,,c,OBPc,102,,,1,1.78,68.21,71,69.22,62.81,54.14,46.43,41.53,37.5,32.6,28.24,93,28,10.43,6.77
DPIPWE,OBP,,767,c,OBPc,99.85,1+,42.223335,1,1.8,74.83,78,76.2,68.54,59.58,53.6,47.18,42.3,38.93,34.45,,27,12.58,6.05
TMAG,OBP,b9195,,c,OBPc,110,1+,47.22727273,1,1.83,76.09,79,77.17,67.33,60.76,53.88,47.93,42.61,38.74,32.87,112,29,,
Healesville,OBP,a21494,660,c,OBPc,105,1+,42.16190476,1,1.85,76.46,78,76.15,68.73,60.69,52.71,48.2,42.69,37.64,32.9,110,29,,
Healesville,OBP,a90014,1170,c,OBPc,102,1+,42.60784314,1,1.87,69.88,74,72.13,65,57.5,50.64,45.88,39.93,35.72,31.21,102,29,,
DPIPWE,OBP,,,c,OBPc,100.5,,,1,1.87,72.55,76,74.13,65.81,57.97,50.26,47.39,42.92,38.85,30.11,,27,11.14,6.08
DPIPWE,OBP,,,c,OBPc,110,,,1,1.88,72.39,80,78.12,70.99,58.98,52.72,43.64,35.59,31.54,#VALUE!,110,30,11.56,7.22
Healesville,OBP,b11202,1485,c,OBPc,103,1+,38.72815534,1,1.92,79.22,83,81.08,73.92,62.33,54.09,46.59,40.44,36.49,29.53,113,30,11.13,6.59
Healesville,OBP,a90384,,c,OBPc,102,1+,42.30392157,1,1.92,74.33,79,77.08,69.52,61.25,54.98,46.5,41.64,37.58,33.32,108,29,10.71,6.39
TMAG,OBP,b9187,617,c,OBPc,112,1+,46.15178571,1,2.03,75.77,80,77.97,69.05,61.42,54.52,47.59,41.97,39.37,33.4,115,28.5,,
DPIPWE,OBP,,628,c,OBPc,105,1+,42.99047619,1,2.03,75.01,79,76.97,69.15,61.21,54.3,46.83,41.36,38.31,31.58,99,28,10.23,6.45
DPIPWE,OBP,A80072,920,c,OBPc,104,1+,43.31730769,1,2.14,76.18,79,76.86,68.72,62.28,53.98,49.14,42.82,39,34.93,,27,,
Healesville,OBP,b11199,1482,c,OBPc,112,1+,44.66964286,1,2.22,77.97,80,77.78,71.92,63.68,56.5,49.08,41.29,37.83,33.95,106,28,,6.37
DPIPWE,OBP,,1137,c,OBPc,104,1+,39.44230769,1,2.31,78.87,81,78.69,75.98,64.99,57,49.95,46.42,42.58,39.41,,31,,
Healesville,OBP,b11181,1474,c,OBPc,107,1+,43.75700935,1,2.37,75.99,78,75.63,69.4,60.78,53.28,47.41,41.72,37.44,32.47,104,28,,
DPIPWE,OBP,13658,267,c,OBPc,102,1+,43,1,2.65,65.88,71,68.35,61.99,53.52,46.26,40.66,33.93,30.34,25.42,,27,11.11,5.94
DPIPWE,OBP,,,c,OBPc,102,,,1,2.92,76.71,81,78.08,72.42,64.18,57.92,51.75,47.435,43.12,38.29,114,30,,
SAMUS,OBP,b22920,,w,OBPw,109.5,1+,42.88584475,1,-1.23,70.28,71.77,73,63.53,54.65,46.84,40.48,35.18,30.28,25.9,110,26,10.37,7.07
SAMUS,OBP,b6766,,w,OBPw,104,1+,39.71153846,1,-1.08,66.61,68.92,70,62.18,53.15,46.75,38.92,31.96,28.65,70,104,29,9.94,6.54
SAMUS,OBP,b56349,,w,OBPw,110.5,1+,45.90045249,1,-0.98,69.41,72.02,73,62.47,55.81,48.76,42.04,37.2,32.49,25.94,107,27,11.41,6.44
AMNH,OBP,amnh623503,,w,OBPw,101.89,1+,40.44557857,1,-0.86,69.77,71.14,72,64.26,55.64,47.41,41.91,37.61,32.85,30.11,92,26,10.53,7.16
SAMUS,OBP,b6939,,w,OBPw,101,1+,41.48514851,1,-0.58,61.3,63.42,64,57.2,49.64,38.34,33.86,30.59,#VALUE!,#VALUE!,96,25,10.41,7.01
DPIPWE,OBP,,1346,w,OBPw,103.52,1+,43.25734158,1,0,74.68,76,76,68.14,58.94,51.76,45.41,39.98,35.97,33.02,,26,,
SAMUS,OBP,b22919,,w,OBPw,105,1+,41.38095238,1,0.29,69.35,71,70.71,63.81,55.64,48.52,41.95,36.59,31.23,28.95,102,25,10.43,7.03
TMAG,OBP,b9190,,w,OBPw,116,1+,45.97413793,1,0.46,78.04,82,81.54,73.92,63.56,55.5,48.27,42.62,39.33,34.64,118,33,,
AM,OBP,o6139,,w,OBPw,106,1+,42.70754717,1,0.5,69.11,71,70.5,64.22,53.2,45.41,38.84,35.01,30.94,27.12,102,27,9.43,6.51
VICMUS,OBP,b20413,,w,OBPw,107,1+,46.71028037,1,0.57,70.22,74,73.43,67.27,57.51,49.46,44.04,37.85,33.94,29.54,,26,11.26,6.84
Healsville,OBP,b30075,,w,OBPw,111,1+,43.59459459,1,0.62,76.18,80,79.38,71.82,61.92,53.45,48.67,43.18,38.7,#VALUE!,114,30,10.84,7.64
SAMUS,OBP,b36793,,w,OBPw,100,1+,,1,0.72,68.1,69,68.28,60.28,51.6,44.82,38.03,34.62,30.61,27.46,93.95,30,,
VICMUS,OBP,r14068,,w,OBPw,112.46,1+,41.92601814,1,0.72,72.61,74,73.28,64.75,55.26,47.49,41.13,36.97,32.53,27.52,112,27,10.54,6.72
SAMUS,OBP,b11067,,w,OBPw,108,1+,46.90740741,1,0.76,71.22,74,73.24,66.2,56.69,50.01,44.97,38.98,36.72,31.88,110,28.5,10.48,6.97
AMNH,OBP,amnh623494,,w,OBPw,101.3,1+,41.29318855,1,0.78,70.97,74,73.22,65.61,58.11,51.2,44.66,41.85,38.5,34.09,105,27,10.43,6.61
SAMUS,OBP,b22922,,w,OBPw,106,1+,40.94339623,1,0.82,70.03,72,71.18,64.5,56.59,48.33,41.51,36.64,32.55,28.24,105,27,10.58,7.02
SAMUS,OBP,b22923,,w,OBPw,105,1+,43.1047619,1,0.85,73.29,76,75.15,67.53,58.65,50.96,43.85,39.69,35.74,31.57,99,26,10.07,7.17
Harvard,OBP,mcz71488,,w,OBPw,105.38,1+,41.92446385,1,0.88,68.69,72,71.12,62.79,54.12,45.84,39.77,35.12,31.73,27.5,102,29,10.52,6.78
TMAG,OBP,b9185,,w,OBPw,109,1+,46.77981651,1,0.92,75.85,78,77.08,68.54,61.03,52.23,46.31,39.46,35.11,32.19,112,29,,
SAMUS,OBP,b11068,,w,OBPw,106,1+,43.00943396,1,0.92,70.52,72,71.08,62.95,56.705,50.46,41.68,36.97,32.71,28.7,,29,10.5,6.82
Harvard,OBP,mcz11944,,w,OBPw,104.4,1+,40.93869732,1,0.98,68.43,71,70.02,64.88,57.02,48,42.14,33.59,30.85,28.85,102,26,10.34,6.65
AMNH,OBP,amnh623504,,w,OBPw,104,1+,44.28846154,1,0.98,70.77,72,71.02,62.87,53.69,45.72,39.63,34.52,30.83,27.92,101,25,10.68,6.72
SAMUS,OBP,b23592,,w,OBPw,105,1+,39.88571429,1,1,69.98,72,71,63.74,55.85,48.75,42.25,37.45,31.45,27.99,109,29,12.68,6.75
VICMUS,OBP,r8773,,w,OBPw,109,1+,46.22018349,1,1.05,67.84,70,68.95,60.72,50.9,43.58,39.06,32.85,29.18,25.81,92,23,10.66,7.22
Harvard,OBP,mcz148993,,w,OBPw,106.6,1+,39.2120075,1,1.06,70.17,74,72.94,63.23,54.8,47.4,40.79,36.04,33.14,30.64,87,25,,
SAMUS,OBP,b2387,,w,OBPw,103,1+,41.67961165,1,1.13,66.72,70,68.87,62.08,54.08,47.45,42.12,36.72,32.75,28.83,100,26,10.19,6.83
VICMUS,OBP,b17335,,w,OBPw,111,1+,45.46846847,1,1.13,69.98,71.5,70.37,60.89,53.38,45.87,38.92,34.42,30.73,26.56,106,26,10.33,6.74
AM,OBP,o37043,,w,OBPw,105,1+,42.01904762,1,1.14,69.72,72,70.86,64.79,54.05,47.04,40.22,35.89,31.03,25.35,102,28,11.09,6.75
SAMUS,OBP,b22918,,w,OBPw,104,1+,40.94230769,1,1.17,65.52,68,66.83,58.42,49.99,42.47,37,33.2,28.45,24.36,98,25,10.38,6.66
VICMUS,OBP,b20414,,w,OBPw,113,1+,46.98230088,1,1.19,70.3,71,69.81,61.48,53.81,45.39,40.44,34.92,31.83,28.83,110,30,10.64,6.57
AMNH,OBP,amnh623497,,w,OBPw,104.17,1+,41.14428338,1,1.26,67.92,70,68.74,59.46,50.16,42.78,37.6,33.48,28.93,25.96,94,25,10.16,6.57
TMAG,OBP,b9174,,w,OBPw,112,1+,44.73214286,1,1.28,77.7,80,78.72,69.64,60.68,53.6,47.1,42.8,38.53,35.4,102,29,,
Harvard,OBP,mcz330634,,w,OBPw,105.1,1+,42.04567079,1,1.28,69.4,72,70.72,63.51,57.16,49.58,45.46,41.04,36.8,30.21,106,27,10.16,6.69
SAMUS,OBP,b57225,,w,OBPw,104,1+,41.97115385,1,1.29,69.88,72,70.71,62.42,49.34,46.23,42.45,39.06,35.13,30.72,113,26,11.8,7.16
AMNH,OBP,amnh623496,,w,OBPw,105.33,1+,41.8209437,1,1.29,68.89,72,70.71,62.33,52.65,45.93,39.99,35.81,32.7,29.36,108,27,10.15,6.7
VICMUS,OBP,b1451,,w,OBPw,111,1+,45.07207207,1,1.36,67.91,71,69.64,61.35,54,47.85,41.07,36.31,31.21,#VALUE!,118,27,,6.78
TMAG,OBP,b9188,,w,OBPw,111,1+,46.00900901,1,1.38,77.18,79.5,78.12,72.8,63.25,55.62,40.38,45.37,40.74,37.28,101,30,,
TMAG,OBP,b9196,,w,OBPw,113,1+,45.7699115,1,1.5,75.72,79,77.5,69.96,61.79,53.87,47.62,41.76,37.07,33.06,112,29,,
AMNH,OBP,amnh623500,,w,OBPw,107.17,1+,42.25062984,1,1.54,71.76,75,73.46,66.98,57.76,50.91,44.62,39.8,35.76,31.6,104,30,9.99,6.58
AMNH,OBP,amnh623495,,w,OBPw,103.31,1+,40.94472946,1,1.59,68.42,70,68.41,60.44,51.37,44.96,39.84,33.88,32.94,29.18,103,24,10.43,7.01
SAMUS,OBP,b23862,,w,OBPw,109,1+,42.33027523,1,1.61,69.47,72,70.39,63.25,53.08,46.19,40.24,35.78,31.74,26.76,109,26,10.85,7.2
Harvard,OBP,mcz74287,,w,OBPw,103.6,1+,42.87644788,1,1.71,68.6,71,69.29,61.11,52.4,44.76,40.32,35.92,31.7,26.6,92,28,10.24,7.12
SAMUS,OBP,b3025,,w,OBPw,108,1+,41.67592593,1,1.86,66.3,69,67.14,60.2,51.36,45.85,38.81,35.19,27.78,#VALUE!,110,20.5,10.3,6.8
AM,OBP,o35544,,w,OBPw,107,1+,43.00934579,1,1.92,71.88,74,72.08,65.04,56.54,47.97,41.77,36.82,30.45,28.86,108,29,10.83,6.44
TMAG,OBP,b7984,,w,OBPw,112,1+,45.19642857,1,1.93,74.63,78,76.07,69.46,59.98,51.33,43.98,39.59,34.21,#VALUE!,117,29,,
SAMUS,OBP,b19517,,w,OBPw,104,1+,43.79807692,1,2.04,63.13,68,65.96,57.28,46.7,41.5,37.51,32.3,27.73,24.95,100,24,10.26,6.61
AMNH,OBP,amnh623502,,w,OBPw,103.1,1+,42.70611057,1,2.55,70.81,74,71.45,62.93,55.09,47.43,41.46,36.47,33.1,31.04,,27,9.88,6.39
SAMUS,OBP,b47331,,w,OBPw,108,1+,38.39814815,1,2.59,72,74,71.41,64.61,54.74,47.2,40.39,35.57,30.45,26.41,103,27,11.47,7.08
SAMUS,OBP,b8754,,w,OBPw,105,1+,41.5047619,1,2.75,69.63,72,69.25,63.49,55.63,47.16,42.73,36.77,32.82,28.09,104,25.5,10.96,7.04
Healsville,OBP,b10751,,w,OBPw,103,1+,40.38834951,1,3.16,77.87,80,76.84,68.53,60.9,53.83,47.91,42.29,36.58,32.42,,30,11.54,7.37
SAMUS,OBP,b30513,,w,OBPw,111,1+,47.40540541,1,3.3,74.94,78,74.7,69.4,59.17,50.46,45.92,41.28,36.7,32.33,111,27,11.67,7.5
AM,RP,o16318,,w,RPw,104,1+,43.04807692,1,-1.39,69.35,69.61,71,62.51,54.33,46.88,40.69,34.83,30.52,26.87,110,25,,
SAMUS,RP,b27692,,w,RPw,105,1+,41.03809524,1,-0.68,69.57,76.32,77,69.33,60.11,51.21,44.64,39.8,35.92,32.03,,24,,
SAMUS,RP,b18108,,w,RPw,109,1+,43.11926606,1,-0.41,73.03,73.59,74,68.09,56.85,49.76,43.62,39.1,33.97,30.26,105,29,,
AM,RP,o33636,,w,RPw,106,1+,44.29245283,1,0,67.93,71,71,62.86,51.03,43.14,37.14,32.65,27.65,24.45,102,24,,
AM,RP,o33610,,w,RPw,111,1+,42.32432432,1,0,71.7,74,74,66,56.53,48.09,42.06,35.2,30.1,25.59,,,,
AM,RP,o33601,,w,RPw,107,1+,41.74766355,1,0.51,69.21,71,70.49,62.45,54.41,46.69,41.46,36.45,30.76,26.72,,27,,
SAMUS,RP,b8772,,w,RPw,106,1+,43.37735849,1,0.56,66.28,69,68.44,61.38,52.18,44.56,38.68,33.69,29.61,24.04,101,26,,
SAMUS,RP,1870,,w,RPw,107,1+,40.22429907,1,0.59,70.01,72,71.41,62.99,54.3,45.61,38.7,33.6,29.15,25.67,,27,,
AM,RP,o26313,,w,RPw,119,1+,43.35294118,1,0.67,72.41,75,74.33,65.2,55.95,48.5,42.53,38.73,31.39,26.42,112,33,,
SAMUS,RP,b4244,,w,RPw,108,1+,41.23148148,1,0.67,68.97,73,72.33,64.15,55.34,46.78,41.36,35.87,31.85,26.87,104,24,,
SAMUS,RP,b1869,,w,RPw,109,1+,43.55963303,1,0.68,70.86,73,72.32,65.4,57.1,49.43,42.83,37.72,33.51,28.44,106,27,,
SAMUS,RP,b8771,,w,RPw,109,1+,43.14678899,1,0.7,70.09,73,72.3,65.17,55.91,47.47,40.94,35.46,31.18,27.2,102,27,,
AM,RP,o16317,,w,RPw,103,1+,41.26213592,1,0.79,68.27,69,68.21,61.9,53.16,46.27,40.82,35.95,29.85,25.99,102,26,,
SAMUS,RP,b57223,,w,RPw,108,1+,40.84259259,1,0.82,73.42,74,73.18,64.68,55.63,48.09,41.56,36.98,32.49,28.77,104,29,,
SAMUS,RP,b30474,,w,RPw,109.72,1+,42.60845789,1,0.86,74.55,77,76.14,65.52,56.01,48.4,43.09,38.83,34.15,30.34,105,25,,
SAMUS,RP,b4256,,w,RPw,108,1+,41.5,1,0.89,69.13,71,70.11,63.27,54.87,46.01,39.61,35.95,32.13,27.55,101,26,,
SAMUS,RP,b30475,,w,RPw,109,1+,42.24770642,1,1.02,74.65,77,75.98,68.05,58.97,50.94,44.31,39.14,34.02,29.79,106,29,,
SAMUS,RP,b47334,,w,RPw,108,1+,44.06481481,1,1.03,71.35,74,72.97,65.26,54.85,46.67,41.11,37.27,32.49,28.22,102,25,,
SAMUS,RP,b8770,,w,RPw,108,1+,41.22222222,1,1.07,70.34,72,70.93,63.75,55.49,47.42,41.07,35.63,32.67,27.97,,29,,
SAMUS,RP,b22916,,w,RPw,110,1+,43.35454545,1,1.16,71.65,74,72.84,64.96,55.27,47.64,41.15,35.89,32.16,28.2,,30,,
AM,RP,o3906,,w,RPw,108,1+,41.47222222,1,1.19,68.44,71,69.81,61.81,52.71,45.46,39.2,34.9,29.73,24.57,109,26,,
SAMUS,RP,b5285,,w,RPw,103,1+,38.05825243,1,1.23,66.06,69,67.77,60.93,53.07,45.87,39.04,35.19,30.41,27.48,,25,,
AM,RP,o26625,,w,RPw,113,1+,43.62831858,1,1.3,71.11,74,72.7,65.15,55.27,46.91,40.68,34.27,28.49,23.15,104,29,,
AM,RP,o26626,,w,RPw,112,1+,41.27678571,1,1.31,69.18,72,70.69,62.91,54.41,45.6,39.84,34.36,29.1,24.42,113,30,,
SAMUS,RP,b22917,,w,RPw,112.38,1+,45.46182595,1,1.45,75,78,76.55,67.24,57.87,49.56,43.18,38.92,34.25,30.53,,24,,
SAMUS,RP,b27366,,w,RPw,104,1+,40.82692308,1,1.54,70.76,73,71.46,65.15,56.32,48.44,42.36,38.13,35.7,31.6,103,25,,
AM,RP,o33609,,w,RPw,107.42,1+,42.31986595,1,1.66,67.58,70,68.34,61.17,52.55,44.44,38.79,33.39,28.76,24.27,97,35,,
AM,RP,o33600,,w,RPw,109,1+,43.24770642,1,1.82,68.63,71,69.18,60.26,51.4,42.2,36.55,31.11,27.67,24.4,102,28,,
SAMUS,RP,b3002,,w,RPw,107,1+,43.03738318,1,1.87,70.14,72,70.13,62.34,53.12,45.33,40.07,35.14,30.8,26.13,95,25,,
SAMUS,RP,b5284,,w,RPw,109,1+,42.01834862,1,2.19,70.56,74,71.81,65.07,55.79,47.63,41.78,37.21,33.08,27.73,103,23.5,,
SAMUS,RP,b8769,,w,RPw,109,1+,40.36697248,1,2.23,71.65,74,71.77,64.76,55.42,48.77,41.45,37.34,32.81,27.03,112,28,,
SAMUS,SCP,b30343,,w,SCPw,104,1+,42.89423077,1,-0.78,71,69.41,70.19,61.32,53.31,45.68,40.1,35.86,31.08,#VALUE!,104,24,9.52,6.77
SAMUS,SCP,b60272,,w,SCPw,106.21,1+,45.01459373,1,-0.55,68.58,70.45,71,61.68,55.5,47.12,41.48,34.27,31.2,26.71,,24,9.03,7.04
AM,SCP,o28415,,w,SCPw,107,1+,40.42056075,1,0,84.07,86,86,78.5,69.5,62.15,55.17,49.96,45.46,41.07,102,25,9.9,7.26
SAMUS,SCP,b58754,,w,SCPw,102,1+,44.41176471,1,0,70.4,74,74,64.1,55.69,49.31,43.81,38.23,32.09,28.84,89,26.5,9.39,7.42
SAMUS,SCP,b14850,,w,SCPw,103,1+,37.2815534,1,0.54,73.1,75,74.46,67.44,58.48,51.62,45.24,40.33,36.25,31.1,94,27,9.56,7.15
SAMUS,SCP,b30341,,w,SCPw,106,1+,41.66981132,1,0.57,69.84,73,72.43,65.98,57.66,50.6,45.2,40.3,35.1,30.43,95,24,9,7.34
SAMUS,SCP,b6982,,w,SCPw,106,1+,43,1,0.62,68.89,71,70.38,63.1,54.75,47.15,41.91,36.23,32.08,27.71,,24,10.22,7.38
SAMUS,SCP,b22973,,w,SCPw,109,1+,43.40366972,1,0.68,70.37,71,70.32,63.67,53.5,44.85,38.38,32.48,28.31,23.23,98,22,,7.7
SAMUS,SCP,b12415,,w,SCPw,102,1+,46.64705882,1,0.72,70.54,72,71.28,63.69,54.94,47.37,40.8,37.2,29.2,27.7,,24,8.62,8
AM,SCP,o37581,,w,SCPw,125,1+,47.552,1,0.9,84.06,86,85.1,74.03,62.82,52.79,46.31,39.16,34.51,27.95,102,27,9.68,7.59
SAMUS,SCP,b12414,,w,SCPw,102,1+,41.19607843,1,0.94,73.93,75,74.06,66.53,57.48,49.63,44.56,39.05,34.87,30.62,91,24,9.33,7.18
VICMUS,SCP,b1460,,w,SCPw,113,1+,43,1,0.97,73.36,75,74.03,66.82,58.56,50.71,44.53,38.61,34.42,30.69,98,26,,
AM,SCP,o26590,,w,SCPw,115,1+,43.91304348,1,1.01,70.56,72,70.99,63.26,51.34,43.17,38.75,32.36,27.53,#VALUE!,108,28,,7.23
VICMUS,SCP,r13398,,w,SCPw,107,1+,42.38317757,1,1.03,72.01,74,72.97,64.67,55.81,48.3,43.75,38.47,34.21,29.12,95,26,,
SAMUS,SCP,b14851,,w,SCPw,105,1+,42.41904762,1,1.04,69.58,71,69.96,63.03,53.42,45.87,40.29,36.4,31.23,28.32,85,23,9.98,7.18
SAMUS,SCP,b30922,,w,SCPw,109,1+,42.98165138,1,1.13,73.16,77,75.87,65.52,57.41,50.99,44.92,38.48,33.84,28.17,105,26,9.76,7.26
AM,SCP,o22761,,w,SCPw,112,1+,42.375,1,1.18,68.34,73,71.82,63.81,54.26,47.11,42,35.95,30.2,26.06,102,25,9.96,7.58
SAMUS,SCP,b28518,,w,SCPw,104,1+,41.52884615,1,1.21,65.85,68,66.79,58.83,50.94,43.65,38.82,34.09,30.07,25.18,88,26,8.95,6.83
SAMUS,SCP,b27063,,w,SCPw,111,1+,42.25225225,1,1.31,69.45,72,70.69,64.01,55.12,46.81,40.79,34.27,30.04,25.29,94,27,8.69,7.26
SAMUS,SCP,b60273,,w,SCPw,104,1+,38.94230769,1,1.32,72.68,75,73.68,64.7,56.04,48.99,42.14,38.08,33.02,27.39,99,29,9.4,6.94
Harvard,SCP,mcz142239,,w,SCPw,109.06,1+,45.99303136,1,1.57,73.41,76,74.43,65.21,43.01,49.76,44.24,39.32,33.59,29.35,91,26,,
SAMUS,SCP,b22896,,w,SCPw,111,1+,45.72072072,1,1.78,72.75,76,74.22,66.9,58.785,50.67,43.92,37.31,32.32,28.51,96,25,8.33,6.9
SAMUS,SCP,b30342,,w,SCPw,106,1+,41.88679245,1,1.99,73.37,75,73.01,65.32,56.65,50.58,44.7,39.51,35.6,30.47,107,27,9.9,7.24
VICMUS,SCP,b1539,,w,SCPw,112,1+,45.94642857,1,2.08,72.08,74,71.92,65.96,56.85,49.53,44.76,37.8,33.48,28.78,91,24,,
AM,SCP,o35545,,w,SCPw,117.43,1+,46.81086605,1,4.41,83.07,86,81.59,74.83,65.1,56.23,50.27,44.37,38.86,33.32,108,28,10.11,7.18
AM,TP,o23523,,w,TPw,106,1+,42.03773585,1,-0.83,70.7,71.17,72,62.05,52.55,42.89,37.94,32.11,26.51,23.2,102,26,9.46,6.81
AM,TP,o33450,,w,TPw,108,1+,45.41666667,1,0,69.01,74,74,63.85,53.92,46.31,41.3,36.03,30.72,26.11,107,26,11.49,6.72
AM,TP,o33450,,w,TPw,109,1+,45.41666667,1,0,67.31,73,73,63.16,53.02,45,40.74,34.72,30.41,25.85,108,27,11.41,6.94
Harvard,TP,mcz154445,,w,TPw,110.73,1+,43.05066378,1,0,69.5,74,74,65.17,54.06,47.34,41.7,36.58,32.57,28.02,110,30,10.62,6.97
VICMUS,TP,r13321,,w,TPw,105,1+,44.84761905,1,0.69,68.66,70,69.31,60.87,52.66,44.77,38.96,35.24,31.07,27.98,110,23,,
AM,TP,o28419,,w,TPw,108,1+,44.78703704,1,0.77,70.74,73,72.23,62.35,54.24,46.8,40.03,34.83,30.45,23.83,104,29,11.57,7.14
AM,TP,o33083,,w,TPw,112,1+,44.32142857,1,0.87,69.7,72,71.13,62.6,52.15,45.44,39.44,33.63,28.75,24.45,104,26,10.22,7.63
AM,TP,o34885,,w,TPw,110,1+,43.61818182,1,0.89,74,74,73.11,64.85,56.6,49.21,41.77,36.13,29.99,25.83,107,30,10.04,6.65
AM,TP,o28417,,w,TPw,106,1+,42.54716981,1,1.03,69.62,72,70.97,62.24,53.56,46.6,41.07,35.35,30.54,25.82,95,27,,
AMNH,TP,amnh623539,,w,TPw,109.57,1+,45.21310578,1,1.06,75.78,77,75.94,66.14,56.81,48.69,42.13,36.4,31.2,25.52,109,27,,
AM,TP,o33335,,w,TPw,108,1+,43.28703704,1,1.15,69.74,72,70.85,61.66,53.2,44.99,40.51,34.93,30.41,27.06,,25,11.62,7.45
AM,TP,o35230,,w,TPw,111,1+,44.99099099,1,1.17,76,76,74.83,63.38,54.92,45.84,40.8,34.3,30.25,26.96,110,29,11.24,7.38
AM,TP,o17847,,w,TPw,106,1+,43.33962264,1,1.37,68.55,71,69.63,60.64,50.28,43.33,37.91,32.64,29.19,25.16,101,23,10.37,7.01
AM,TP,o28418,,w,TPw,110,1+,45.27272727,1,1.38,69.5,71,69.62,60.06,50.71,42.73,37.08,30.96,26.2,21.36,100,23,11.39,7.54
AM,TP,o32428,,w,TPw,105.91,1+,45.01935606,1,1.41,70.99,72,70.59,63.04,53.94,46.16,40.71,36.07,31.86,28.03,,25,9.82,6.96
AM,TP,o33339,,w,TPw,106.3,1+,43.72530574,1,1.41,64.3,67,65.59,57.35,48.28,41.42,35.44,29.88,23.68,19.78,101,25,11.31,7.38
AM,TP,o42019,,w,TPw,109,1+,55.89908257,1,1.42,72.06,75,73.58,65.16,56.34,50.31,43.83,38.53,32.8,26.54,105,24,10.38,7.25
AM,TP,o17848,,w,TPw,101,1+,43.97029703,1,1.48,68.2,70,68.52,60.37,53.19,45.53,40.17,34.94,30.71,26.82,93,25,,7.44
AM,TP,o6851,,w,TPw,103,1+,43.81553398,1,1.5,67.91,69,67.5,60.04,51.8,45.18,38.93,35.07,30.88,26.55,101,22,10.53,6.83
VICMUS,TP,b17853,,w,TPw,111,1+,45.06306306,1,1.78,71.28,73,71.22,62.11,53.66,45.37,39.82,35.11,31.93,26.8,111,22,,
AMNH,TP,amnh294932,,w,TPw,107.19,1+,44.57505364,1,1.88,72.4,76,74.12,65.72,57.56,50.19,44.9,38.55,32.44,27.08,94,26,,
AM,TP,o21247,,w,TPw,106,1+,43.86792453,1,1.88,69.93,71,69.12,60.19,50.85,43.53,37.82,33,28.26,24.91,96,24,10.04,7.09
AM,TP,o7,,w,TPw,109,1+,43.82568807,1,1.99,72,72,70.01,59.71,51.09,43.28,38.01,32.48,28.43,24.46,103,25,10.19,6.88
AM,TP,o28420,,w,TPw,111,1+,43.47747748,1,2.03,71.65,74,71.97,63.03,55.01,47.34,41.23,35.61,31.36,27.39,104,25,12.09,7.35
AM,TP,o35184,,w,TPw,110,1+,43.58181818,1,2.03,72.2,73,70.97,59.92,52.21,44.47,38.2,33.88,27.78,25.4,110,26,10.9,7.4
AMNH,TP,amnh294931,,w,TPw,108.53,1+,45.78457569,1,2.05,74.3,77,74.95,65.68,56.29,50.13,44.36,39.82,32.41,28.75,101,24,,
Harvard,TP,mcz74286,,w,TPw,101.64,1+,43.17197954,1,2.1,70.81,72,69.9,60.57,52.87,46.35,40.55,35.6,31.2,27.62,95,24,,
VICMUS,TP,r8775,,w,TPw,104,1+,42.99038462,1,2.13,69.33,70,67.87,59.45,50.17,43.62,37.28,32.29,27.74,24.7,94,22,,
AM,TP,o22763,,w,TPw,103.87,1+,43.76624627,1,2.19,65.71,68,65.81,57.26,47.39,38.5,32.49,26.98,23,17.91,104,23,10.48,7.06
Harvard,TP,mcz135401,,w,TPw,112.5,1+,45.06666667,1,2.43,78.2,80,77.57,67.14,57.18,48.89,42.56,36.44,33.52,59.22,109,29,,
VICMUS,TP,b6058,,w,TPw,108,1+,43,1,2.85,69.72,72,69.15,60.65,53.47,47.43,43.88,39.66,35.5,31.55,100,25,,
Harvard,TP,mcz91487,,w,TPw,111.59,1+,41.46428891,1,3,77.3,79,76,67.96,58.82,50.79,43.66,39.61,35.74,30.59,110,24,,
AM,TP,o28416,,w,TPw,114,1+,43.69298246,1,3.48,67.62,74,70.52,60.75,51.09,44.98,39.35,32.42,28.26,24.99,105,27,11,7.08
